Country,Crop,Year,Temperature,Rainfall,CO2_Emission,Humidity,Yield,Area,Production,Extreme_Weather_Events,Synthetic_Data_Used,Data_Source
Bangladesh,maize,2000,25.464,2263.271,355.07,77.431,1.458,263650.72,384304.64,5,True,Synthetic
Bangladesh,rice,2000,25.593,2217.505,358.959,84.86,2.747,332921.18,914380.0,1,True,Synthetic
Bangladesh,soybean,2000,23.296,2267.741,348.524,77.699,0.6,227586.96,136552.18,1,True,Synthetic
Bangladesh,wheat,2000,26.801,2191.542,340.437,78.551,0.6,256961.59,154176.95,4,True,Synthetic
Brazil,maize,2000,26.563,1606.255,345.487,68.993,1.767,343325.36,606675.52,2,True,Synthetic
Brazil,rice,2000,28.793,1755.255,353.542,89.492,2.928,459773.94,1346161.22,0,True,Synthetic
Brazil,soybean,2000,22.094,1869.504,351.353,76.945,1.055,466922.44,492530.38,4,True,Synthetic
Brazil,wheat,2000,26.674,1768.689,352.698,82.146,0.6,629329.43,377597.66,4,True,Synthetic
China,maize,2000,14.981,656.516,343.969,63.396,3.086,477326.81,1473115.41,1,True,Synthetic
China,rice,2000,13.825,616.228,352.566,69.966,2.05,369732.13,757959.67,2,True,Synthetic
China,soybean,2000,9.616,542.671,347.205,72.96,0.6,405834.16,243500.5,3,True,Synthetic
China,wheat,2000,10.392,692.058,349.76,71.099,0.6,489675.3,293805.18,1,True,Synthetic
India,maize,2000,25.507,1018.351,357.228,79.616,3.245,516611.66,1676202.59,3,True,Synthetic
India,rice,2000,24.714,1021.873,345.419,73.346,4.251,321058.38,1364855.48,1,True,Synthetic
India,soybean,2000,22.322,845.788,346.616,70.712,2.368,294686.11,697723.35,0,True,Synthetic
India,wheat,2000,22.65,979.741,350.095,67.384,1.626,697563.07,1134483.76,3,True,Synthetic
Indonesia,maize,2000,24.699,2443.606,348.395,78.033,1.553,270339.4,419888.07,4,True,Synthetic
Indonesia,rice,2000,27.372,2623.173,355.648,88.181,2.685,320025.84,859296.21,2,True,Synthetic
Indonesia,soybean,2000,28.835,2447.986,349.922,92.078,0.6,289255.23,173553.14,8,True,Synthetic
Indonesia,wheat,2000,24.595,2583.167,347.796,80.395,0.6,390142.29,234085.37,5,True,Synthetic
Mexico,maize,2000,24.035,556.262,355.386,62.944,3.753,214428.34,804843.71,3,True,Synthetic
Mexico,rice,2000,23.245,796.294,352.508,51.911,4.804,298643.84,1434754.25,1,True,Synthetic
Mexico,soybean,2000,20.308,820.294,342.957,61.891,2.647,356007.63,942301.71,1,True,Synthetic
Mexico,wheat,2000,18.786,665.487,351.369,66.105,3.106,395819.36,1229326.83,2,True,Synthetic
Nigeria,maize,2000,30.009,1019.259,352.725,78.965,0.991,409461.8,405665.73,4,True,Synthetic
Nigeria,rice,2000,27.555,998.985,355.523,63.148,3.069,282988.94,868562.48,1,True,Synthetic
Nigeria,soybean,2000,27.643,1105.697,345.305,68.275,1.601,198199.34,317268.32,1,True,Synthetic
Nigeria,wheat,2000,27.915,1234.812,352.527,71.047,0.6,425100.68,255060.41,5,True,Synthetic
Pakistan,maize,2000,21.423,518.132,344.603,52.152,4.545,590786.9,2685269.96,1,True,Synthetic
Pakistan,rice,2000,21.306,400.05,354.928,53.386,3.014,397055.59,1196922.97,3,True,Synthetic
Pakistan,soybean,2000,20.576,415.293,353.605,55.147,2.399,297894.58,714646.69,2,True,Synthetic
Pakistan,wheat,2000,21.711,521.223,345.609,43.354,2.829,354640.41,1003432.04,0,True,Synthetic
Russia,maize,2000,2.593,304.055,345.687,62.664,0.6,256444.52,153866.71,6,True,Synthetic
Russia,rice,2000,4.481,306.208,350.04,78.946,0.6,289994.83,173996.9,4,True,Synthetic
Russia,soybean,2000,2.835,385.737,352.38,67.379,0.6,241376.82,144826.09,7,True,Synthetic
Russia,wheat,2000,2.084,463.237,353.223,68.143,0.6,376436.26,225861.76,2,True,Synthetic
USA,maize,2000,15.439,671.597,353.359,61.645,3.635,323489.39,1175898.82,2,True,Synthetic
USA,rice,2000,12.178,764.498,353.342,60.171,0.884,591089.19,522321.18,2,True,Synthetic
USA,soybean,2000,17.439,935.386,349.75,62.365,2.303,434724.3,1001124.04,0,True,Synthetic
USA,wheat,2000,11.809,592.392,353.699,63.119,1.181,435010.23,513656.24,1,True,Synthetic
Bangladesh,maize,2001,21.713,2134.544,351.485,87.702,1.342,275410.04,369691.89,2,True,Synthetic
Bangladesh,rice,2001,25.129,2226.322,345.897,80.01,3.142,227275.7,713991.47,1,True,Synthetic
Bangladesh,soybean,2001,27.599,2051.777,360.418,75.567,0.6,150316.12,90189.67,1,True,Synthetic
Bangladesh,wheat,2001,24.707,2327.139,354.076,83.328,0.6,287735.81,172641.49,7,True,Synthetic
Brazil,maize,2001,27.252,1485.522,355.774,71.704,2.052,460538.73,945242.21,3,True,Synthetic
Brazil,rice,2001,26.604,1596.501,353.007,77.843,3.334,530527.22,1768674.32,1,True,Synthetic
Brazil,soybean,2001,26.43,1626.103,352.815,90.85,0.726,354935.03,257770.92,2,True,Synthetic
Brazil,wheat,2001,26.292,1887.049,357.269,78.301,0.6,565726.48,339435.89,5,True,Synthetic
China,maize,2001,13.0,589.126,349.475,69.226,2.306,271868.87,627043.9,3,True,Synthetic
China,rice,2001,10.826,578.146,354.507,65.978,0.765,443390.93,339024.8,5,True,Synthetic
China,soybean,2001,13.05,662.119,350.764,61.573,1.601,435183.3,696914.77,2,True,Synthetic
China,wheat,2001,12.595,633.039,354.659,68.67,2.162,410759.86,888032.57,1,True,Synthetic
India,maize,2001,22.292,1086.146,347.555,68.805,4.166,379561.87,1581105.82,0,True,Synthetic
India,rice,2001,24.149,982.566,349.454,72.61,5.105,400714.48,2045654.82,2,True,Synthetic
India,soybean,2001,25.465,1134.852,358.942,76.57,1.866,321361.79,599788.48,1,True,Synthetic
India,wheat,2001,24.089,1147.224,352.866,80.217,1.79,557925.7,998637.61,2,True,Synthetic
Indonesia,maize,2001,26.573,2643.523,341.891,81.943,0.6,239288.59,143573.16,3,True,Synthetic
Indonesia,rice,2001,27.839,2519.764,338.354,71.642,1.885,286841.34,540659.72,2,True,Synthetic
Indonesia,soybean,2001,26.096,2499.324,348.432,85.559,0.6,287439.44,172463.66,3,True,Synthetic
Indonesia,wheat,2001,28.779,2548.685,353.271,90.12,0.6,465364.36,279218.61,9,True,Synthetic
Mexico,maize,2001,23.995,616.293,360.535,51.469,3.465,271084.06,939310.74,1,True,Synthetic
Mexico,rice,2001,18.154,634.325,350.38,57.067,3.04,342234.9,1040483.11,2,True,Synthetic
Mexico,soybean,2001,19.944,893.292,358.709,61.056,1.93,163661.29,315805.72,2,True,Synthetic
Mexico,wheat,2001,22.451,647.005,345.235,66.995,1.73,238058.88,411822.84,1,True,Synthetic
Nigeria,maize,2001,28.098,1242.996,348.421,70.147,2.054,372832.33,765767.35,1,True,Synthetic
Nigeria,rice,2001,27.551,1107.571,354.754,60.515,3.426,370525.81,1269310.25,1,True,Synthetic
Nigeria,soybean,2001,24.237,1167.902,352.067,64.604,1.647,337193.17,555283.54,1,True,Synthetic
Nigeria,wheat,2001,25.772,1062.674,353.4,62.93,1.47,314491.23,462427.71,0,True,Synthetic
Pakistan,maize,2001,19.419,405.222,352.655,66.574,4.052,317211.03,1285220.39,3,True,Synthetic
Pakistan,rice,2001,21.257,472.945,359.379,57.715,3.217,295494.66,950676.05,3,True,Synthetic
Pakistan,soybean,2001,24.055,330.044,346.211,59.291,2.441,171430.56,418518.49,3,True,Synthetic
Pakistan,wheat,2001,22.534,474.278,357.492,53.473,2.643,425904.02,1125555.51,2,True,Synthetic
Russia,maize,2001,5.577,400.18,355.338,76.817,0.6,355876.87,213526.12,3,True,Synthetic
Russia,rice,2001,5.197,192.848,353.855,71.478,0.6,456074.03,273644.42,5,True,Synthetic
Russia,soybean,2001,2.525,378.722,350.492,79.471,0.6,396600.38,237960.23,4,True,Synthetic
Russia,wheat,2001,2.278,388.571,349.31,62.765,0.6,275788.56,165473.13,3,True,Synthetic
USA,maize,2001,13.879,790.48,354.385,57.386,2.396,332447.76,796608.91,1,True,Synthetic
USA,rice,2001,13.068,801.903,345.051,64.838,1.147,320821.16,368030.9,3,True,Synthetic
USA,soybean,2001,12.043,535.744,348.537,60.378,0.6,355937.58,213562.55,3,True,Synthetic
USA,wheat,2001,13.259,614.301,349.979,62.886,2.712,1181744.51,3205470.04,1,True,Synthetic
Bangladesh,maize,2002,23.55,2325.541,353.672,89.592,1.077,242499.75,261142.15,2,True,Synthetic
Bangladesh,rice,2002,25.481,2277.322,346.843,90.713,3.477,245746.13,854377.08,3,True,Synthetic
Bangladesh,soybean,2002,26.14,2203.943,351.104,88.803,0.612,157083.44,96207.67,1,True,Synthetic
Bangladesh,wheat,2002,26.269,2096.093,351.898,77.071,0.6,359341.61,215604.97,1,True,Synthetic
Brazil,maize,2002,26.81,1749.122,359.855,79.637,1.533,657515.97,1007935.76,1,True,Synthetic
Brazil,rice,2002,23.444,1930.355,356.293,84.046,4.154,368042.64,1528768.99,0,True,Synthetic
Brazil,soybean,2002,25.512,1595.52,349.941,88.741,0.769,260605.54,200309.35,4,True,Synthetic
Brazil,wheat,2002,25.871,1836.959,350.978,82.741,0.6,545213.54,327128.12,1,True,Synthetic
China,maize,2002,12.924,793.788,346.736,60.215,2.852,334330.76,953355.51,2,True,Synthetic
China,rice,2002,12.477,727.337,354.479,77.0,1.51,644073.32,972761.28,1,True,Synthetic
China,soybean,2002,14.336,718.642,357.4,59.856,1.108,441777.77,489663.94,0,True,Synthetic
China,wheat,2002,13.332,394.324,352.881,65.793,2.044,496381.86,1014633.62,1,True,Synthetic
India,maize,2002,21.6,1218.529,359.415,73.548,4.766,444965.35,2120907.28,2,True,Synthetic
India,rice,2002,24.217,1182.726,353.411,75.619,5.851,436917.23,2556361.48,2,True,Synthetic
India,soybean,2002,22.36,1251.724,352.572,70.844,2.76,391455.25,1080309.82,2,True,Synthetic
India,wheat,2002,23.233,1159.313,356.107,81.319,0.928,420425.24,390038.32,4,True,Synthetic
Indonesia,maize,2002,23.246,2911.118,350.696,82.05,0.6,297056.28,178233.77,4,True,Synthetic
Indonesia,rice,2002,24.068,2733.82,356.924,72.104,2.915,279008.74,813271.12,4,True,Synthetic
Indonesia,soybean,2002,25.801,2726.878,350.247,85.183,0.6,229863.24,137917.94,3,True,Synthetic
Indonesia,wheat,2002,26.523,2346.469,346.237,80.22,0.613,519612.17,318440.04,6,True,Synthetic
Mexico,maize,2002,21.841,576.899,356.613,63.963,5.008,386288.24,1934612.88,1,True,Synthetic
Mexico,rice,2002,21.714,660.054,357.124,57.176,4.306,407497.49,1754781.04,1,True,Synthetic
Mexico,soybean,2002,20.152,987.36,353.382,63.577,2.463,241105.53,593886.89,1,True,Synthetic
Mexico,wheat,2002,22.65,651.263,354.623,63.147,2.906,427196.2,1241368.64,3,True,Synthetic
Nigeria,maize,2002,27.971,1117.711,350.559,60.148,1.792,363060.01,650766.45,2,True,Synthetic
Nigeria,rice,2002,28.712,1016.136,354.012,62.291,3.094,383298.39,1186018.62,1,True,Synthetic
Nigeria,soybean,2002,29.178,1093.219,364.167,68.193,1.909,244569.25,466895.19,0,True,Synthetic
Nigeria,wheat,2002,28.264,971.546,353.005,69.481,0.6,388291.51,232974.91,2,True,Synthetic
Pakistan,maize,2002,23.291,552.504,360.634,52.492,4.436,293547.69,1302180.96,1,True,Synthetic
Pakistan,rice,2002,23.324,518.613,351.359,56.957,4.173,330116.6,1377422.15,1,True,Synthetic
Pakistan,soybean,2002,24.295,448.139,361.094,57.545,2.191,312786.08,685173.32,1,True,Synthetic
Pakistan,wheat,2002,25.618,536.235,356.701,54.683,1.197,284475.86,340645.16,0,True,Synthetic
Russia,maize,2002,4.273,499.532,351.175,70.732,0.6,302719.24,181631.54,2,True,Synthetic
Russia,rice,2002,3.071,422.131,352.877,75.653,0.6,231630.21,138978.13,4,True,Synthetic
Russia,soybean,2002,2.835,460.396,353.157,70.845,0.6,358811.75,215287.05,4,True,Synthetic
Russia,wheat,2002,5.028,344.102,355.176,62.724,0.6,415456.13,249273.68,1,True,Synthetic
USA,maize,2002,8.74,872.659,352.994,67.26,0.6,516549.5,309929.7,1,True,Synthetic
USA,rice,2002,14.682,516.331,359.049,54.187,1.705,473959.98,808061.2,2,True,Synthetic
USA,soybean,2002,14.239,735.483,360.575,58.14,1.569,336229.21,527573.03,3,True,Synthetic
USA,wheat,2002,12.964,817.692,350.128,56.412,1.439,796388.11,1146366.87,3,True,Synthetic
Bangladesh,maize,2003,27.092,2187.383,358.841,70.643,1.138,173527.48,197469.79,1,True,Synthetic
Bangladesh,rice,2003,22.764,2276.749,359.332,72.588,3.043,212602.81,646932.63,0,True,Synthetic
Bangladesh,soybean,2003,23.613,2163.966,365.964,76.719,0.968,177942.5,172271.21,1,True,Synthetic
Bangladesh,wheat,2003,24.89,2289.838,358.74,82.549,0.6,184794.96,110876.98,7,True,Synthetic
Brazil,maize,2003,26.322,1736.457,354.057,81.128,2.307,597578.96,1378782.86,7,True,Synthetic
Brazil,rice,2003,26.51,1761.08,359.156,79.601,3.623,618119.24,2239613.58,4,True,Synthetic
Brazil,soybean,2003,26.176,1686.079,363.444,73.91,1.023,258177.57,264186.54,0,True,Synthetic
Brazil,wheat,2003,28.64,1827.743,357.71,70.2,0.6,411299.13,246779.48,8,True,Synthetic
China,maize,2003,13.662,469.588,353.297,55.11,1.89,467128.2,882943.88,3,True,Synthetic
China,rice,2003,15.817,747.025,352.52,55.972,1.82,430363.89,783192.77,0,True,Synthetic
China,soybean,2003,13.742,659.862,355.555,62.975,1.336,460176.03,614795.94,0,True,Synthetic
China,wheat,2003,13.697,545.507,365.115,63.659,3.029,548296.08,1660874.96,1,True,Synthetic
India,maize,2003,24.576,1220.945,356.376,75.772,3.569,411290.35,1468056.97,5,True,Synthetic
India,rice,2003,24.671,1026.904,356.892,63.022,4.348,284693.55,1237844.8,1,True,Synthetic
India,soybean,2003,25.332,1116.664,354.615,62.919,1.39,314081.5,436559.51,2,True,Synthetic
India,wheat,2003,25.344,1015.451,361.405,65.858,1.392,291352.76,405491.39,1,True,Synthetic
Indonesia,maize,2003,26.966,2433.377,358.306,89.607,0.6,305913.22,183547.93,2,True,Synthetic
Indonesia,rice,2003,24.214,2536.693,357.321,81.399,2.773,365892.72,1014722.36,2,True,Synthetic
Indonesia,soybean,2003,26.57,2461.361,358.517,92.559,0.6,254352.87,152611.72,7,True,Synthetic
Indonesia,wheat,2003,25.475,2597.964,362.482,74.908,0.6,504356.98,302614.19,5,True,Synthetic
Mexico,maize,2003,21.55,735.125,356.782,63.272,5.623,279205.35,1569837.78,1,True,Synthetic
Mexico,rice,2003,24.573,722.116,352.603,55.653,4.434,230152.67,1020527.76,2,True,Synthetic
Mexico,soybean,2003,22.737,814.914,358.859,60.303,2.747,196260.16,539195.37,1,True,Synthetic
Mexico,wheat,2003,20.521,791.153,357.446,53.425,2.336,378801.03,884880.18,3,True,Synthetic
Nigeria,maize,2003,25.113,1202.643,359.992,68.846,3.616,413604.36,1495775.05,1,True,Synthetic
Nigeria,rice,2003,28.045,1184.814,354.824,65.924,2.996,511725.5,1533235.79,1,True,Synthetic
Nigeria,soybean,2003,28.156,1193.517,369.791,73.702,1.312,320731.95,420953.24,4,True,Synthetic
Nigeria,wheat,2003,27.758,1190.854,366.978,70.429,0.788,246153.33,193862.77,3,True,Synthetic
Pakistan,maize,2003,21.427,363.788,355.512,57.663,4.63,422257.31,1955114.03,3,True,Synthetic
Pakistan,rice,2003,22.681,497.67,349.58,44.658,3.526,330279.84,1164588.91,0,True,Synthetic
Pakistan,soybean,2003,24.299,235.043,362.536,53.316,1.727,278684.91,481285.42,1,True,Synthetic
Pakistan,wheat,2003,19.229,614.511,364.803,54.694,3.425,288777.8,989156.03,0,True,Synthetic
Russia,maize,2003,3.293,425.402,357.949,78.553,0.6,339329.65,203597.79,6,True,Synthetic
Russia,rice,2003,0.573,505.768,363.296,71.376,0.6,399420.3,239652.18,5,True,Synthetic
Russia,soybean,2003,4.515,471.549,354.532,67.257,0.6,444235.32,266541.19,1,True,Synthetic
Russia,wheat,2003,3.069,392.98,352.104,64.746,0.6,328740.41,197244.25,4,True,Synthetic
USA,maize,2003,11.608,765.535,370.359,60.245,0.966,557003.36,538014.03,3,True,Synthetic
USA,rice,2003,11.015,670.206,359.362,58.61,0.889,517492.05,460123.7,2,True,Synthetic
USA,soybean,2003,12.807,651.057,352.381,60.037,0.607,398722.54,241828.82,3,True,Synthetic
USA,wheat,2003,13.674,801.403,353.434,69.973,2.254,651102.16,1467704.09,3,True,Synthetic
Bangladesh,maize,2004,24.703,2376.113,362.679,79.354,0.918,352691.88,323857.7,0,True,Synthetic
Bangladesh,rice,2004,22.668,2331.443,364.921,90.047,3.006,256661.29,771484.29,1,True,Synthetic
Bangladesh,soybean,2004,23.359,2324.426,360.17,76.995,0.6,205718.21,123430.92,2,True,Synthetic
Bangladesh,wheat,2004,23.352,2320.728,354.024,85.03,0.6,316755.12,190053.07,6,True,Synthetic
Brazil,maize,2004,23.078,1920.401,355.748,87.946,1.623,387408.95,628710.46,2,True,Synthetic
Brazil,rice,2004,27.079,1896.992,356.992,77.534,3.727,399657.1,1489516.6,2,True,Synthetic
Brazil,soybean,2004,24.17,1801.726,362.266,82.063,0.715,391020.79,279757.27,2,True,Synthetic
Brazil,wheat,2004,26.09,1825.613,360.615,82.928,0.6,553624.34,332174.6,1,True,Synthetic
China,maize,2004,15.012,595.85,352.818,73.618,2.846,549015.82,1562513.07,0,True,Synthetic
China,rice,2004,10.949,538.599,364.009,74.454,1.502,534413.81,802765.0,2,True,Synthetic
China,soybean,2004,15.244,634.232,358.481,64.608,1.503,329219.01,494671.7,2,True,Synthetic
China,wheat,2004,16.437,570.121,358.098,66.278,3.614,551913.89,1994664.66,1,True,Synthetic
India,maize,2004,24.238,1034.702,357.521,70.723,3.557,340128.11,1209993.08,1,True,Synthetic
India,rice,2004,23.4,998.156,362.171,69.969,4.805,498457.57,2395096.19,2,True,Synthetic
India,soybean,2004,24.379,955.376,358.889,69.873,1.462,205669.54,300702.65,1,True,Synthetic
India,wheat,2004,26.236,1009.457,364.067,78.929,1.063,426690.12,453732.4,3,True,Synthetic
Indonesia,maize,2004,24.479,2448.12,356.779,90.124,0.757,467620.05,354202.98,7,True,Synthetic
Indonesia,rice,2004,22.47,2527.628,360.297,82.616,2.836,273267.83,775115.77,0,True,Synthetic
Indonesia,soybean,2004,25.449,2656.359,358.368,94.811,0.6,220240.5,132144.3,3,True,Synthetic
Indonesia,wheat,2004,26.097,2508.404,354.656,91.571,0.6,277003.13,166201.88,7,True,Synthetic
Mexico,maize,2004,17.225,888.464,353.304,53.214,3.875,302810.82,1173364.41,1,True,Synthetic
Mexico,rice,2004,21.543,662.215,361.126,69.213,3.717,368252.84,1368616.62,2,True,Synthetic
Mexico,soybean,2004,21.262,806.074,365.382,59.107,2.568,198909.42,510753.3,1,True,Synthetic
Mexico,wheat,2004,19.586,769.156,366.614,57.736,2.489,271915.03,676706.21,2,True,Synthetic
Nigeria,maize,2004,25.727,1153.698,363.808,71.412,2.639,235751.84,622110.8,0,True,Synthetic
Nigeria,rice,2004,29.95,1156.721,362.635,72.457,3.823,278287.6,1063941.3,1,True,Synthetic
Nigeria,soybean,2004,26.339,1148.893,363.909,68.572,1.373,214736.05,294890.06,1,True,Synthetic
Nigeria,wheat,2004,24.898,1133.545,362.541,66.685,0.749,393576.46,294881.89,5,True,Synthetic
Pakistan,maize,2004,19.431,525.604,355.873,54.553,4.608,451935.58,2082631.26,1,True,Synthetic
Pakistan,rice,2004,22.998,313.479,355.671,63.316,3.284,506941.79,1664953.38,2,True,Synthetic
Pakistan,soybean,2004,20.738,487.43,360.046,48.134,2.548,241319.89,614887.89,1,True,Synthetic
Pakistan,wheat,2004,22.842,538.432,357.703,61.928,1.904,346874.12,660332.24,1,True,Synthetic
Russia,maize,2004,1.6,252.477,364.849,77.702,0.6,207287.62,124372.57,2,True,Synthetic
Russia,rice,2004,3.443,379.012,358.252,67.32,0.6,497490.36,298494.21,0,True,Synthetic
Russia,soybean,2004,-0.077,389.134,356.915,66.291,0.6,281980.64,169188.38,0,True,Synthetic
Russia,wheat,2004,0.931,481.149,365.715,71.341,0.6,289599.4,173759.64,4,True,Synthetic
USA,maize,2004,13.673,523.544,361.41,61.78,2.07,425949.0,881764.68,0,True,Synthetic
USA,rice,2004,10.801,548.315,361.486,68.204,1.016,547286.99,555771.99,3,True,Synthetic
USA,soybean,2004,12.46,469.832,357.905,66.454,0.6,229094.16,137456.5,2,True,Synthetic
USA,wheat,2004,12.964,707.633,356.831,65.102,1.968,558355.71,1098670.2,3,True,Synthetic
Bangladesh,maize,2005,24.684,2012.877,368.771,77.203,1.5,272602.41,408846.79,1,True,Synthetic
Bangladesh,rice,2005,26.672,2304.391,360.886,87.529,3.462,233871.75,809562.8,2,True,Synthetic
Bangladesh,soybean,2005,25.422,2090.561,369.965,86.898,0.639,138876.4,88722.97,1,True,Synthetic
Bangladesh,wheat,2005,25.065,2260.92,358.964,90.723,0.6,495119.74,297071.84,1,True,Synthetic
Brazil,maize,2005,28.746,1768.053,364.774,75.91,1.049,399054.34,418685.96,3,True,Synthetic
Brazil,rice,2005,25.995,1597.239,364.801,84.62,4.508,628642.48,2833789.14,2,True,Synthetic
Brazil,soybean,2005,30.066,1539.202,359.775,85.049,1.099,505403.51,555318.84,3,True,Synthetic
Brazil,wheat,2005,23.713,1598.334,359.294,82.799,0.6,699335.02,419601.01,3,True,Synthetic
China,maize,2005,13.147,578.61,359.315,60.984,1.66,391315.72,649695.59,2,True,Synthetic
China,rice,2005,15.407,646.982,351.527,53.52,1.937,419372.61,812164.43,3,True,Synthetic
China,soybean,2005,11.194,428.751,367.341,61.557,0.6,461899.86,277139.91,1,True,Synthetic
China,wheat,2005,12.607,656.84,361.901,67.924,2.5,508977.87,1272373.8,0,True,Synthetic
India,maize,2005,26.889,1190.563,354.632,68.537,2.964,369389.18,1095024.53,0,True,Synthetic
India,rice,2005,25.749,1083.212,356.445,72.576,4.066,479147.93,1948032.35,3,True,Synthetic
India,soybean,2005,22.702,837.184,363.265,60.824,3.03,415096.77,1257629.03,3,True,Synthetic
India,wheat,2005,24.708,1048.481,363.455,71.207,0.833,628077.45,523014.21,2,True,Synthetic
Indonesia,maize,2005,25.923,2464.679,364.152,88.974,0.984,237578.35,233696.04,1,True,Synthetic
Indonesia,rice,2005,26.392,2603.223,368.032,85.182,2.558,310091.37,793283.4,0,True,Synthetic
Indonesia,soybean,2005,24.992,2751.946,362.856,75.663,0.6,555661.62,333396.97,7,True,Synthetic
Indonesia,wheat,2005,23.868,2595.561,361.957,93.157,0.6,266375.88,159825.53,4,True,Synthetic
Mexico,maize,2005,19.712,625.491,357.988,52.504,4.843,309255.04,1497640.56,0,True,Synthetic
Mexico,rice,2005,19.882,834.2,367.585,52.507,2.71,436971.86,1184336.97,1,True,Synthetic
Mexico,soybean,2005,20.25,764.167,360.759,51.95,3.099,291362.97,902834.72,1,True,Synthetic
Mexico,wheat,2005,22.67,822.901,359.094,78.904,2.168,325069.45,704895.8,0,True,Synthetic
Nigeria,maize,2005,31.607,1018.263,364.149,69.143,0.742,320632.05,237878.1,3,True,Synthetic
Nigeria,rice,2005,25.937,1168.08,366.193,74.722,4.002,264088.15,1056947.74,3,True,Synthetic
Nigeria,soybean,2005,31.268,1158.225,355.77,61.886,1.52,242722.58,368884.17,6,True,Synthetic
Nigeria,wheat,2005,28.107,1100.707,358.674,74.37,0.6,246606.57,147963.94,4,True,Synthetic
Pakistan,maize,2005,21.535,599.696,366.014,50.608,4.903,214293.03,1050631.33,3,True,Synthetic
Pakistan,rice,2005,22.529,347.518,369.338,54.994,3.376,425982.93,1438143.34,0,True,Synthetic
Pakistan,soybean,2005,23.966,281.166,362.911,51.029,2.116,196657.8,416114.25,1,True,Synthetic
Pakistan,wheat,2005,22.272,452.082,356.615,62.218,2.613,266044.63,695188.59,2,True,Synthetic
Russia,maize,2005,1.726,626.95,356.964,67.738,0.6,397044.04,238226.43,3,True,Synthetic
Russia,rice,2005,3.597,582.945,358.169,77.273,0.6,319032.5,191419.5,1,True,Synthetic
Russia,soybean,2005,4.995,513.09,358.249,80.461,0.6,346040.97,207624.58,1,True,Synthetic
Russia,wheat,2005,1.39,379.799,356.417,63.487,0.6,381650.39,228990.24,6,True,Synthetic
USA,maize,2005,13.062,717.715,363.906,56.02,1.723,566511.23,976364.49,1,True,Synthetic
USA,rice,2005,11.769,812.555,361.059,58.77,0.963,489359.19,471019.72,1,True,Synthetic
USA,soybean,2005,9.262,673.278,365.39,68.91,0.6,274197.31,164518.39,2,True,Synthetic
USA,wheat,2005,16.044,747.283,370.049,56.985,2.983,438551.73,1308274.65,1,True,Synthetic
Bangladesh,maize,2006,25.987,2334.155,371.957,91.894,1.502,192756.71,289472.32,3,True,Synthetic
Bangladesh,rice,2006,25.459,2194.846,362.442,91.893,3.737,345003.18,1289114.29,1,True,Synthetic
Bangladesh,soybean,2006,25.27,1904.821,364.151,88.321,1.08,151525.5,163668.25,4,True,Synthetic
Bangladesh,wheat,2006,26.394,2231.566,364.154,79.494,0.6,344584.97,206750.98,7,True,Synthetic
Brazil,maize,2006,24.159,1663.222,361.622,61.81,2.824,513707.31,1450808.7,4,True,Synthetic
Brazil,rice,2006,27.351,1648.481,362.561,77.502,3.739,257867.41,964207.09,1,True,Synthetic
Brazil,soybean,2006,24.917,1787.966,366.194,75.956,1.632,441263.59,720183.17,2,True,Synthetic
Brazil,wheat,2006,26.382,1909.364,361.726,75.348,0.6,753098.94,451859.36,4,True,Synthetic
China,maize,2006,11.428,691.124,367.998,69.316,1.304,425169.12,554354.5,2,True,Synthetic
China,rice,2006,13.698,530.373,359.008,67.427,1.522,495654.97,754248.29,1,True,Synthetic
China,soybean,2006,10.707,693.934,364.983,63.484,0.797,305348.83,243481.97,3,True,Synthetic
China,wheat,2006,17.46,543.434,363.725,75.232,3.587,537395.79,1927701.67,0,True,Synthetic
India,maize,2006,25.233,950.182,362.003,74.251,3.329,427411.09,1423061.76,1,True,Synthetic
India,rice,2006,26.88,830.56,364.018,71.411,4.456,284251.75,1266594.5,2,True,Synthetic
India,soybean,2006,24.004,1152.023,365.03,76.77,1.879,337578.1,634467.96,0,True,Synthetic
India,wheat,2006,22.411,1082.443,368.818,68.993,0.863,383713.12,331295.44,4,True,Synthetic
Indonesia,maize,2006,28.111,2554.573,365.46,82.756,0.6,334349.84,200609.9,2,True,Synthetic
Indonesia,rice,2006,27.167,2569.678,364.915,92.861,2.385,459601.85,1096337.77,3,True,Synthetic
Indonesia,soybean,2006,26.19,2564.458,366.371,96.731,0.6,325242.9,195145.74,5,True,Synthetic
Indonesia,wheat,2006,26.552,2545.483,363.842,84.636,0.6,384141.68,230485.01,4,True,Synthetic
Mexico,maize,2006,20.699,611.3,360.785,66.639,5.88,521540.93,3066597.8,1,True,Synthetic
Mexico,rice,2006,20.866,733.495,370.42,63.277,3.999,297201.06,1188425.28,2,True,Synthetic
Mexico,soybean,2006,18.313,881.258,368.568,59.446,2.452,255147.76,625548.19,0,True,Synthetic
Mexico,wheat,2006,20.479,677.767,367.076,58.991,2.867,422517.84,1211175.37,3,True,Synthetic
Nigeria,maize,2006,29.424,1273.011,367.74,66.0,1.526,342436.87,522452.7,1,True,Synthetic
Nigeria,rice,2006,26.416,1138.55,363.937,68.238,4.789,410771.82,1967268.23,1,True,Synthetic
Nigeria,soybean,2006,28.585,992.484,366.798,76.744,1.476,343819.05,507309.72,3,True,Synthetic
Nigeria,wheat,2006,28.383,1100.652,361.697,75.557,0.6,328109.33,196865.6,2,True,Synthetic
Pakistan,maize,2006,20.729,556.927,357.67,61.701,5.57,362526.22,2019143.71,2,True,Synthetic
Pakistan,rice,2006,20.177,457.464,366.752,57.341,2.77,541092.95,1498732.32,2,True,Synthetic
Pakistan,soybean,2006,20.712,548.71,363.7,60.03,2.516,362573.83,912315.69,2,True,Synthetic
Pakistan,wheat,2006,22.884,467.288,368.586,51.278,1.833,261682.09,479637.97,0,True,Synthetic
Russia,maize,2006,3.758,291.229,361.989,61.263,0.6,329732.67,197839.6,6,True,Synthetic
Russia,rice,2006,3.717,409.156,360.161,75.094,0.6,443765.25,266259.15,7,True,Synthetic
Russia,soybean,2006,5.451,360.577,362.195,66.479,0.6,287924.78,172754.87,3,True,Synthetic
Russia,wheat,2006,5.075,486.52,359.869,73.739,0.6,451065.76,270639.46,2,True,Synthetic
USA,maize,2006,13.671,806.152,375.92,67.513,2.51,748261.42,1878346.85,3,True,Synthetic
USA,rice,2006,12.601,753.3,356.512,67.643,0.885,393672.72,348543.37,2,True,Synthetic
USA,soybean,2006,11.065,757.44,361.403,60.843,0.797,320631.5,255645.44,0,True,Synthetic
USA,wheat,2006,13.295,718.004,364.757,59.699,2.38,398857.93,949471.55,3,True,Synthetic
Bangladesh,maize,2007,26.994,2385.265,367.42,84.382,1.132,251977.52,285333.03,8,True,Synthetic
Bangladesh,rice,2007,20.847,2238.51,369.328,91.62,2.898,250172.71,724936.8,0,True,Synthetic
Bangladesh,soybean,2007,21.612,2321.451,376.052,80.265,0.759,266087.34,202005.19,4,True,Synthetic
Bangladesh,wheat,2007,26.125,2293.994,360.688,96.39,0.6,284304.17,170582.5,3,True,Synthetic
Brazil,maize,2007,27.701,1558.147,369.44,78.939,1.489,420674.93,626383.03,3,True,Synthetic
Brazil,rice,2007,25.196,1771.395,367.51,90.545,4.906,630885.34,3095274.6,0,True,Synthetic
Brazil,soybean,2007,23.821,1537.435,369.192,79.641,1.77,381711.3,675593.65,3,True,Synthetic
Brazil,wheat,2007,28.433,1479.204,365.798,75.604,0.6,606258.56,363755.13,3,True,Synthetic
China,maize,2007,12.997,569.928,372.177,70.056,1.72,537544.31,924553.42,7,True,Synthetic
China,rice,2007,10.716,721.342,374.462,66.934,0.62,361554.13,224256.15,4,True,Synthetic
China,soybean,2007,12.359,761.284,365.556,71.969,1.387,405993.36,563294.93,2,True,Synthetic
China,wheat,2007,12.833,579.708,377.191,62.466,2.468,534535.79,1319101.74,1,True,Synthetic
India,maize,2007,25.316,1226.683,368.932,76.892,3.011,332572.82,1001277.37,2,True,Synthetic
India,rice,2007,25.787,1066.353,367.333,69.659,4.549,349750.37,1591131.29,1,True,Synthetic
India,soybean,2007,25.755,943.739,361.148,77.347,1.684,361597.38,608919.94,1,True,Synthetic
India,wheat,2007,23.205,1206.163,370.873,84.488,1.82,649484.81,1181781.67,0,True,Synthetic
Indonesia,maize,2007,25.971,2628.99,376.913,87.365,1.005,299471.23,301042.24,1,True,Synthetic
Indonesia,rice,2007,28.126,2857.764,364.142,89.667,2.033,273121.63,555334.9,2,True,Synthetic
Indonesia,soybean,2007,25.408,2695.221,362.65,92.818,0.6,190625.73,114375.44,4,True,Synthetic
Indonesia,wheat,2007,25.953,2563.89,371.299,86.939,0.6,242678.18,145606.91,2,True,Synthetic
Mexico,maize,2007,20.933,927.008,365.41,65.241,5.501,258927.83,1424486.4,3,True,Synthetic
Mexico,rice,2007,21.875,794.408,359.301,51.626,3.99,223992.94,893795.91,3,True,Synthetic
Mexico,soybean,2007,20.684,640.051,370.384,57.246,3.607,228961.59,825758.13,3,True,Synthetic
Mexico,wheat,2007,24.266,870.809,371.033,72.209,1.755,382277.38,671012.04,2,True,Synthetic
Nigeria,maize,2007,26.93,1163.659,369.248,67.685,2.493,538521.69,1342451.67,3,True,Synthetic
Nigeria,rice,2007,27.802,1006.611,364.451,66.882,3.811,241375.05,919852.58,1,True,Synthetic
Nigeria,soybean,2007,26.38,1209.409,372.953,85.229,1.574,232341.85,365724.4,1,True,Synthetic
Nigeria,wheat,2007,31.213,910.486,369.111,65.616,0.6,296993.3,178195.98,3,True,Synthetic
Pakistan,maize,2007,21.868,496.049,366.495,48.47,5.02,293886.49,1475324.69,1,True,Synthetic
Pakistan,rice,2007,18.88,148.56,360.879,46.883,1.578,282207.0,445249.5,1,True,Synthetic
Pakistan,soybean,2007,21.92,602.477,363.741,49.481,2.485,333707.21,829304.57,1,True,Synthetic
Pakistan,wheat,2007,22.096,629.949,362.773,52.842,2.514,472042.75,1186689.3,2,True,Synthetic
Russia,maize,2007,3.299,394.585,377.02,74.86,0.6,483247.43,289948.46,1,True,Synthetic
Russia,rice,2007,3.727,133.424,372.385,64.366,0.6,253589.72,152153.83,2,True,Synthetic
Russia,soybean,2007,4.856,585.416,365.761,75.344,0.6,323851.42,194310.85,1,True,Synthetic
Russia,wheat,2007,-0.298,459.16,374.707,74.824,0.6,668432.25,401059.35,1,True,Synthetic
USA,maize,2007,13.355,539.089,365.304,66.065,2.346,552761.47,1296841.8,5,True,Synthetic
USA,rice,2007,14.19,847.707,374.823,66.217,1.721,568060.7,977612.09,0,True,Synthetic
USA,soybean,2007,15.649,488.99,370.576,58.224,1.822,297394.89,541992.83,2,True,Synthetic
USA,wheat,2007,12.293,732.14,366.758,58.437,1.58,544870.96,860788.97,2,True,Synthetic
Bangladesh,maize,2008,25.586,1949.322,371.9,87.712,1.08,259819.73,280595.38,3,True,Synthetic
Bangladesh,rice,2008,23.671,2091.492,371.986,76.763,3.62,279546.03,1011997.71,2,True,Synthetic
Bangladesh,soybean,2008,25.259,2024.783,366.511,75.748,0.6,224180.71,134508.42,4,True,Synthetic
Bangladesh,wheat,2008,27.304,2166.414,367.774,74.669,0.6,298236.65,178941.99,6,True,Synthetic
Brazil,maize,2008,27.801,1556.051,372.613,90.882,2.159,406699.35,878247.96,3,True,Synthetic
Brazil,rice,2008,25.477,1938.561,367.874,77.285,3.941,333683.82,1314992.6,4,True,Synthetic
Brazil,soybean,2008,24.954,1659.794,378.776,83.648,0.644,297533.05,191625.1,2,True,Synthetic
Brazil,wheat,2008,28.207,1761.348,370.142,73.78,0.6,429017.0,257410.2,3,True,Synthetic
China,maize,2008,15.541,671.505,373.424,72.477,3.476,352440.95,1225063.99,0,True,Synthetic
China,rice,2008,12.7,650.275,365.572,72.955,1.925,466630.2,898334.04,0,True,Synthetic
China,soybean,2008,14.286,572.985,378.896,60.36,1.787,468749.57,837832.93,3,True,Synthetic
China,wheat,2008,11.125,509.186,365.008,66.302,1.219,353235.77,430742.08,2,True,Synthetic
India,maize,2008,24.157,1074.679,374.359,73.936,4.269,425128.17,1815044.58,1,True,Synthetic
India,rice,2008,26.118,1064.111,371.861,69.094,4.208,479655.29,2018523.06,5,True,Synthetic
India,soybean,2008,24.861,1117.253,368.346,66.308,1.976,331425.61,655004.95,1,True,Synthetic
India,wheat,2008,25.544,1159.834,377.167,61.665,1.152,916388.98,1056086.28,2,True,Synthetic
Indonesia,maize,2008,27.561,2680.203,366.099,84.666,0.6,259741.96,155845.17,5,True,Synthetic
Indonesia,rice,2008,25.052,2631.734,366.691,74.996,3.121,518549.04,1618572.47,3,True,Synthetic
Indonesia,soybean,2008,27.371,2488.837,368.795,78.407,0.6,263096.38,157857.83,3,True,Synthetic
Indonesia,wheat,2008,29.431,2660.029,372.75,83.816,0.6,368816.45,221289.87,5,True,Synthetic
Mexico,maize,2008,22.635,594.225,371.433,61.907,5.106,273031.19,1394192.92,2,True,Synthetic
Mexico,rice,2008,19.857,571.993,365.485,62.17,3.978,301332.26,1198594.34,2,True,Synthetic
Mexico,soybean,2008,20.845,699.85,363.537,60.18,3.495,243196.06,849940.52,2,True,Synthetic
Mexico,wheat,2008,21.141,813.523,368.197,62.43,2.485,314952.31,782782.85,4,True,Synthetic
Nigeria,maize,2008,26.851,1219.941,375.777,69.799,2.663,505753.93,1346886.1,3,True,Synthetic
Nigeria,rice,2008,25.658,1043.769,359.852,68.696,4.451,407815.35,1815308.87,3,True,Synthetic
Nigeria,soybean,2008,25.897,1058.013,366.886,67.526,1.917,339252.22,650480.1,2,True,Synthetic
Nigeria,wheat,2008,27.946,1216.821,372.227,61.011,0.6,482296.28,289377.77,3,True,Synthetic
Pakistan,maize,2008,22.896,684.185,373.815,42.948,4.549,368169.57,1674865.15,1,True,Synthetic
Pakistan,rice,2008,20.812,791.213,362.623,56.583,3.878,313083.07,1214256.52,1,True,Synthetic
Pakistan,soybean,2008,21.576,578.236,369.704,47.621,2.997,329094.46,986391.39,2,True,Synthetic
Pakistan,wheat,2008,22.394,476.749,373.25,55.851,2.734,256045.56,699952.14,2,True,Synthetic
Russia,maize,2008,3.053,474.904,369.627,65.372,0.6,311736.25,187041.75,2,True,Synthetic
Russia,rice,2008,5.551,281.394,367.913,69.796,0.6,385075.53,231045.32,7,True,Synthetic
Russia,soybean,2008,3.414,457.631,373.608,76.41,0.6,322380.41,193428.24,0,True,Synthetic
Russia,wheat,2008,3.136,333.636,374.438,70.98,0.6,806394.66,483836.8,4,True,Synthetic
USA,maize,2008,9.932,700.326,363.567,64.043,1.082,477526.78,516795.32,2,True,Synthetic
USA,rice,2008,12.793,465.037,377.535,65.258,1.882,755767.44,1422341.22,3,True,Synthetic
USA,soybean,2008,14.79,743.236,365.846,61.065,1.986,329477.16,654392.44,1,True,Synthetic
USA,wheat,2008,14.338,875.459,365.738,63.714,2.152,632577.59,1361118.53,2,True,Synthetic
Bangladesh,maize,2009,26.364,2208.524,376.298,74.656,1.304,248929.5,324728.19,3,True,Synthetic
Bangladesh,rice,2009,23.705,2169.596,364.719,84.98,3.676,206618.21,759611.5,1,True,Synthetic
Bangladesh,soybean,2009,29.604,2029.814,358.503,83.916,0.6,190588.05,114352.83,2,True,Synthetic
Bangladesh,wheat,2009,24.627,2394.667,373.813,94.781,0.6,432030.78,259218.47,7,True,Synthetic
Brazil,maize,2009,24.913,1819.533,360.175,75.815,2.185,544932.52,1190462.06,3,True,Synthetic
Brazil,rice,2009,25.215,1825.881,370.955,88.114,4.206,361393.07,1520143.28,6,True,Synthetic
Brazil,soybean,2009,26.181,1552.02,366.623,78.431,1.248,524500.62,654762.28,2,True,Synthetic
Brazil,wheat,2009,26.262,1680.03,372.654,78.922,0.6,630220.04,378132.02,9,True,Synthetic
China,maize,2009,14.009,457.282,378.062,79.913,1.698,505085.93,857801.27,5,True,Synthetic
China,rice,2009,11.707,503.853,368.176,60.729,0.674,465939.72,314264.86,4,True,Synthetic
China,soybean,2009,14.09,659.179,371.395,63.305,1.952,375985.09,733779.22,0,True,Synthetic
China,wheat,2009,15.189,655.546,368.706,64.244,2.825,415074.35,1172465.18,2,True,Synthetic
India,maize,2009,25.401,1133.501,371.437,74.65,2.965,392166.58,1162578.89,6,True,Synthetic
India,rice,2009,20.977,1016.103,367.142,69.954,4.074,503490.49,2051159.3,2,True,Synthetic
India,soybean,2009,24.268,924.126,376.716,75.135,2.396,296473.37,710257.65,0,True,Synthetic
India,wheat,2009,23.946,1166.394,372.311,77.919,1.384,467403.63,646835.48,3,True,Synthetic
Indonesia,maize,2009,23.253,2563.184,370.042,86.771,0.995,324395.75,322907.9,5,True,Synthetic
Indonesia,rice,2009,26.121,2609.5,382.903,89.85,2.233,381527.52,852058.9,2,True,Synthetic
Indonesia,soybean,2009,25.059,2595.265,379.909,90.145,0.706,192148.66,135587.23,3,True,Synthetic
Indonesia,wheat,2009,26.67,2626.857,367.772,83.931,0.6,340491.93,204295.16,8,True,Synthetic
Mexico,maize,2009,20.912,866.511,367.815,68.707,5.99,422178.36,2528848.49,0,True,Synthetic
Mexico,rice,2009,20.74,597.089,372.64,61.725,3.748,325206.11,1219031.62,3,True,Synthetic
Mexico,soybean,2009,19.515,771.846,370.889,61.162,2.598,296139.79,769256.88,4,True,Synthetic
Mexico,wheat,2009,20.203,816.923,379.729,58.689,3.107,432512.3,1343786.86,4,True,Synthetic
Nigeria,maize,2009,26.111,1020.388,372.889,70.172,3.054,303927.06,928163.9,0,True,Synthetic
Nigeria,rice,2009,25.804,1110.721,371.996,66.399,4.096,273671.47,1120864.98,1,True,Synthetic
Nigeria,soybean,2009,28.209,1185.869,371.622,74.817,1.798,392706.36,706128.99,4,True,Synthetic
Nigeria,wheat,2009,26.337,1060.264,374.517,73.687,0.6,437556.6,262533.96,3,True,Synthetic
Pakistan,maize,2009,26.385,284.719,378.369,52.404,3.055,320489.06,979123.51,2,True,Synthetic
Pakistan,rice,2009,22.964,724.157,375.443,54.805,4.721,294371.8,1389674.67,1,True,Synthetic
Pakistan,soybean,2009,21.288,506.041,366.139,56.513,3.11,329491.93,1024593.45,0,True,Synthetic
Pakistan,wheat,2009,22.047,479.124,373.58,55.085,1.662,478604.08,795304.74,1,True,Synthetic
Russia,maize,2009,3.019,290.52,364.675,66.266,0.6,343576.33,206145.8,0,True,Synthetic
Russia,rice,2009,4.087,418.771,369.677,63.496,0.6,465959.47,279575.68,6,True,Synthetic
Russia,soybean,2009,-0.675,295.083,365.903,70.729,0.6,289911.97,173947.18,2,True,Synthetic
Russia,wheat,2009,3.8,465.099,362.814,64.41,0.6,315188.68,189113.21,5,True,Synthetic
USA,maize,2009,11.947,734.022,376.115,61.979,1.12,243573.65,272766.6,3,True,Synthetic
USA,rice,2009,13.348,591.223,369.356,64.171,0.848,483221.02,409740.86,3,True,Synthetic
USA,soybean,2009,7.788,616.206,370.79,53.785,0.6,395537.63,237322.58,3,True,Synthetic
USA,wheat,2009,13.261,569.437,378.676,51.19,1.968,505595.55,994985.79,2,True,Synthetic
Bangladesh,maize,2010,23.201,2288.355,378.269,89.544,1.275,334251.7,426097.52,3,True,Synthetic
Bangladesh,rice,2010,24.6,2228.636,369.064,84.325,4.206,180364.12,758555.18,1,True,Synthetic
Bangladesh,soybean,2010,25.413,2162.617,376.16,79.151,0.671,189658.42,127308.92,5,True,Synthetic
Bangladesh,wheat,2010,24.732,2032.468,378.313,72.231,0.6,283279.64,169967.79,8,True,Synthetic
Brazil,maize,2010,27.144,1640.542,379.061,67.97,2.011,336273.79,676321.68,2,True,Synthetic
Brazil,rice,2010,27.254,1727.712,374.769,79.759,4.126,473343.67,1952818.23,0,True,Synthetic
Brazil,soybean,2010,26.234,1774.118,382.791,86.479,1.009,198620.75,200442.82,0,True,Synthetic
Brazil,wheat,2010,29.29,1684.841,374.935,68.327,0.6,521014.94,312608.97,5,True,Synthetic
China,maize,2010,14.604,578.119,372.087,65.261,3.095,572585.1,1772098.98,3,True,Synthetic
China,rice,2010,10.95,472.015,367.32,70.31,0.908,377011.85,342429.14,2,True,Synthetic
China,soybean,2010,10.96,419.106,367.918,70.4,0.81,367863.01,298047.07,3,True,Synthetic
China,wheat,2010,15.686,525.576,372.079,71.284,3.453,470632.87,1625003.25,1,True,Synthetic
India,maize,2010,22.826,993.546,372.126,75.475,5.056,381313.59,1927923.39,2,True,Synthetic
India,rice,2010,22.397,1373.053,380.307,66.479,4.897,341299.09,1671301.7,0,True,Synthetic
India,soybean,2010,23.683,981.521,370.281,78.623,2.192,315870.39,692262.62,1,True,Synthetic
India,wheat,2010,22.828,1171.103,382.736,74.513,0.869,540417.66,469363.05,1,True,Synthetic
Indonesia,maize,2010,27.192,2553.134,373.083,77.531,0.6,193459.66,116075.79,5,True,Synthetic
Indonesia,rice,2010,23.546,2460.643,376.387,87.746,3.683,288234.55,1061425.83,1,True,Synthetic
Indonesia,soybean,2010,27.729,2696.095,380.211,95.326,0.6,303722.74,182233.64,1,True,Synthetic
Indonesia,wheat,2010,25.352,2539.605,375.667,83.461,0.6,376160.55,225696.33,6,True,Synthetic
Mexico,maize,2010,23.693,633.858,376.525,60.832,4.846,272970.74,1322932.12,0,True,Synthetic
Mexico,rice,2010,23.005,674.867,365.088,66.231,3.839,290434.42,1115033.45,0,True,Synthetic
Mexico,soybean,2010,21.059,814.424,369.022,60.277,3.231,340548.62,1100278.37,2,True,Synthetic
Mexico,wheat,2010,22.634,680.094,369.08,63.38,2.344,305693.44,716450.9,0,True,Synthetic
Nigeria,maize,2010,26.52,986.908,376.929,71.343,2.942,326109.77,959471.26,1,True,Synthetic
Nigeria,rice,2010,29.988,959.867,372.077,68.581,2.052,343071.6,704128.27,1,True,Synthetic
Nigeria,soybean,2010,28.333,1020.183,373.824,69.313,1.824,237305.16,432874.12,4,True,Synthetic
Nigeria,wheat,2010,27.151,1078.059,371.616,73.295,0.892,498208.15,444484.57,3,True,Synthetic
Pakistan,maize,2010,19.598,624.766,375.304,53.448,5.017,323074.58,1620874.31,2,True,Synthetic
Pakistan,rice,2010,21.098,307.268,371.331,45.609,3.61,286524.57,1034377.54,3,True,Synthetic
Pakistan,soybean,2010,23.383,433.939,369.082,57.41,2.616,371550.45,971834.36,3,True,Synthetic
Pakistan,wheat,2010,20.131,642.614,380.231,54.873,3.437,259020.81,890312.59,1,True,Synthetic
Russia,maize,2010,2.668,516.368,373.795,64.553,0.6,433076.64,259845.98,4,True,Synthetic
Russia,rice,2010,4.061,394.348,377.517,63.926,0.6,418490.67,251094.4,2,True,Synthetic
Russia,soybean,2010,4.378,360.022,375.796,64.279,0.6,321969.61,193181.77,4,True,Synthetic
Russia,wheat,2010,-0.77,200.439,379.856,62.88,0.6,318055.91,190833.54,5,True,Synthetic
USA,maize,2010,10.824,805.169,378.579,63.807,1.077,666771.14,717856.66,3,True,Synthetic
USA,rice,2010,15.074,694.761,374.404,56.29,2.36,558097.32,1317387.71,1,True,Synthetic
USA,soybean,2010,15.475,761.201,383.586,54.223,1.901,466325.18,886573.94,1,True,Synthetic
USA,wheat,2010,12.731,731.726,367.03,67.47,2.652,422205.82,1119620.86,3,True,Synthetic
Bangladesh,maize,2011,24.608,2206.528,377.61,86.224,1.387,286702.19,397558.98,2,True,Synthetic
Bangladesh,rice,2011,24.761,2269.951,379.941,80.516,4.12,188134.52,775146.06,1,True,Synthetic
Bangladesh,soybean,2011,24.16,2287.269,381.095,84.133,0.6,311738.0,187042.8,3,True,Synthetic
Bangladesh,wheat,2011,27.814,2211.916,370.91,86.441,0.6,313032.34,187819.4,6,True,Synthetic
Brazil,maize,2011,27.356,1831.403,373.272,68.569,1.929,439307.88,847485.58,2,True,Synthetic
Brazil,rice,2011,25.11,1861.697,374.76,81.691,4.518,352398.43,1592248.98,2,True,Synthetic
Brazil,soybean,2011,26.053,1669.153,371.098,77.701,1.018,442079.01,450160.11,2,True,Synthetic
Brazil,wheat,2011,22.844,2040.582,374.909,81.396,0.6,499779.61,299867.77,2,True,Synthetic
China,maize,2011,14.414,488.537,379.125,61.072,1.965,471259.65,925888.39,1,True,Synthetic
China,rice,2011,13.6,587.66,378.517,61.096,1.345,433062.2,582490.29,0,True,Synthetic
China,soybean,2011,12.32,533.486,378.169,71.001,1.258,357947.21,450224.44,2,True,Synthetic
China,wheat,2011,10.388,654.674,374.779,65.596,1.883,563468.55,1061290.1,4,True,Synthetic
India,maize,2011,24.367,1224.425,376.422,72.878,4.048,476627.21,1929567.97,2,True,Synthetic
India,rice,2011,23.444,1273.924,372.374,78.154,5.388,450680.98,2428226.8,1,True,Synthetic
India,soybean,2011,26.804,934.418,371.726,65.161,1.386,486704.06,674584.61,2,True,Synthetic
India,wheat,2011,22.73,1038.207,378.819,76.508,1.661,492620.21,818344.74,2,True,Synthetic
Indonesia,maize,2011,26.69,2601.169,373.55,77.143,1.104,321496.11,355050.32,3,True,Synthetic
Indonesia,rice,2011,23.928,2664.405,373.814,84.848,3.058,246327.55,753155.62,1,True,Synthetic
Indonesia,soybean,2011,24.49,2486.028,377.386,83.943,0.6,200751.68,120451.01,8,True,Synthetic
Indonesia,wheat,2011,27.01,2572.632,384.3,86.971,0.6,616725.85,370035.51,6,True,Synthetic
Mexico,maize,2011,18.606,785.358,369.162,61.733,5.54,346060.61,1917156.71,1,True,Synthetic
Mexico,rice,2011,20.954,855.188,374.03,63.205,3.741,293034.43,1096309.86,0,True,Synthetic
Mexico,soybean,2011,20.516,753.136,381.407,58.229,3.522,131872.39,464456.41,2,True,Synthetic
Mexico,wheat,2011,22.484,814.257,382.55,64.381,2.229,273794.15,610300.74,3,True,Synthetic
Nigeria,maize,2011,28.359,1026.287,374.709,62.626,1.879,341349.17,641499.93,2,True,Synthetic
Nigeria,rice,2011,27.942,1114.461,377.831,70.612,3.799,346460.48,1316074.1,4,True,Synthetic
Nigeria,soybean,2011,29.302,1156.154,372.901,58.647,1.765,272219.15,480332.71,4,True,Synthetic
Nigeria,wheat,2011,28.166,1089.837,379.132,81.858,0.6,270687.24,162412.35,4,True,Synthetic
Pakistan,maize,2011,18.403,447.598,381.977,51.827,4.229,359943.71,1522144.83,1,True,Synthetic
Pakistan,rice,2011,23.755,405.838,373.3,55.857,4.322,277885.44,1201158.63,3,True,Synthetic
Pakistan,soybean,2011,20.154,481.766,384.231,58.577,2.685,255497.56,685985.37,3,True,Synthetic
Pakistan,wheat,2011,23.769,639.913,376.738,60.203,1.918,342619.65,657130.5,0,True,Synthetic
Russia,maize,2011,1.913,373.694,377.311,69.92,0.6,571604.32,342962.59,7,True,Synthetic
Russia,rice,2011,3.72,117.282,379.581,66.979,0.6,355617.21,213370.33,5,True,Synthetic
Russia,soybean,2011,5.757,641.381,381.013,78.662,0.6,376564.37,225938.62,3,True,Synthetic
Russia,wheat,2011,4.118,444.015,376.681,74.184,0.6,459526.49,275715.89,0,True,Synthetic
USA,maize,2011,15.102,1017.967,373.985,63.824,3.006,392939.35,1181025.26,0,True,Synthetic
USA,rice,2011,8.728,620.545,380.107,60.489,0.6,683599.52,410159.71,4,True,Synthetic
USA,soybean,2011,14.849,707.898,377.818,62.179,1.206,481769.12,580961.22,4,True,Synthetic
USA,wheat,2011,10.704,703.715,373.766,57.529,1.763,1000475.79,1764175.06,2,True,Synthetic
Bangladesh,maize,2012,22.492,2182.657,376.443,84.07,1.933,334234.96,646234.36,2,True,Synthetic
Bangladesh,rice,2012,24.25,2222.279,375.241,79.324,4.63,304459.31,1409588.59,0,True,Synthetic
Bangladesh,soybean,2012,23.478,2236.771,375.377,83.072,0.761,292929.48,222876.68,1,True,Synthetic
Bangladesh,wheat,2012,27.679,2172.101,372.698,75.779,0.6,328264.32,196958.59,8,True,Synthetic
Brazil,maize,2012,26.533,1836.713,372.978,76.607,1.907,345197.73,658266.57,1,True,Synthetic
Brazil,rice,2012,22.236,1652.777,376.749,79.417,4.563,474643.06,2165771.62,2,True,Synthetic
Brazil,soybean,2012,25.935,1835.458,386.233,82.18,0.999,239275.46,239044.82,2,True,Synthetic
Brazil,wheat,2012,24.145,1844.504,378.431,87.815,0.6,366821.49,220092.89,5,True,Synthetic
China,maize,2012,15.848,896.117,376.786,64.485,4.224,349839.02,1477617.24,1,True,Synthetic
China,rice,2012,11.18,453.411,383.218,70.427,0.604,407867.14,246263.83,1,True,Synthetic
China,soybean,2012,9.532,467.182,372.071,64.657,0.809,349854.89,283195.45,0,True,Synthetic
China,wheat,2012,11.36,367.927,383.389,62.435,1.882,481994.78,907270.85,1,True,Synthetic
India,maize,2012,24.489,1148.42,389.137,76.391,3.656,402086.78,1470229.71,0,True,Synthetic
India,rice,2012,26.676,1061.02,380.054,55.666,5.35,523470.85,2800452.26,0,True,Synthetic
India,soybean,2012,24.695,1100.465,376.697,67.151,2.685,344456.07,924860.63,1,True,Synthetic
India,wheat,2012,23.789,875.192,380.317,65.508,1.515,387698.84,587477.79,0,True,Synthetic
Indonesia,maize,2012,26.193,2551.862,378.05,77.75,0.6,297784.99,178671.0,3,True,Synthetic
Indonesia,rice,2012,24.368,2704.989,371.863,80.874,2.924,558651.47,1633592.59,3,True,Synthetic
Indonesia,soybean,2012,26.259,2682.29,379.76,81.882,0.6,221587.99,132952.79,4,True,Synthetic
Indonesia,wheat,2012,23.806,2569.255,376.874,86.079,0.6,458940.26,275364.16,5,True,Synthetic
Mexico,maize,2012,19.023,634.611,386.112,66.245,5.343,275373.68,1471236.54,2,True,Synthetic
Mexico,rice,2012,23.053,764.954,380.36,54.388,4.734,287904.54,1362942.12,3,True,Synthetic
Mexico,soybean,2012,20.58,748.86,376.681,66.55,3.344,247994.25,829389.7,3,True,Synthetic
Mexico,wheat,2012,20.235,741.142,376.182,56.833,3.103,460668.05,1429275.03,1,True,Synthetic
Nigeria,maize,2012,30.344,1084.929,378.431,69.876,1.001,180765.25,180927.41,2,True,Synthetic
Nigeria,rice,2012,29.471,1213.76,376.291,70.057,2.823,427782.69,1207798.32,0,True,Synthetic
Nigeria,soybean,2012,27.516,1030.23,379.199,64.962,1.155,214250.4,247453.25,0,True,Synthetic
Nigeria,wheat,2012,29.824,1132.835,381.082,73.048,0.6,357077.49,214246.49,0,True,Synthetic
Pakistan,maize,2012,21.751,480.228,382.104,59.013,5.559,269348.4,1497440.79,1,True,Synthetic
Pakistan,rice,2012,21.654,324.397,380.001,54.327,3.328,369120.66,1228551.78,1,True,Synthetic
Pakistan,soybean,2012,24.063,564.811,370.63,45.573,2.103,201355.47,423386.72,2,True,Synthetic
Pakistan,wheat,2012,22.263,429.109,379.81,59.792,2.199,376137.67,827264.92,0,True,Synthetic
Russia,maize,2012,2.146,511.309,375.106,59.557,0.6,311410.96,186846.57,2,True,Synthetic
Russia,rice,2012,0.758,353.902,367.087,68.863,0.6,376761.57,226056.94,3,True,Synthetic
Russia,soybean,2012,1.105,607.647,377.346,75.505,0.6,291957.78,175174.67,5,True,Synthetic
Russia,wheat,2012,4.553,466.864,388.015,62.77,0.6,436221.65,261732.99,3,True,Synthetic
USA,maize,2012,13.483,729.833,384.464,64.432,2.406,386485.55,929979.52,1,True,Synthetic
USA,rice,2012,13.535,798.39,372.48,62.008,1.43,772985.4,1105485.08,2,True,Synthetic
USA,soybean,2012,12.284,653.533,381.542,58.094,0.996,396727.6,395272.4,2,True,Synthetic
USA,wheat,2012,13.419,757.764,380.199,70.894,1.59,561696.47,893090.94,1,True,Synthetic
Bangladesh,maize,2013,24.259,2246.785,384.933,77.844,1.747,297763.37,520317.66,5,True,Synthetic
Bangladesh,rice,2013,24.322,2251.464,380.491,78.668,3.724,302109.31,1125026.78,1,True,Synthetic
Bangladesh,soybean,2013,24.612,2202.282,385.608,71.422,1.017,258977.4,263273.57,4,True,Synthetic
Bangladesh,wheat,2013,25.813,2273.317,391.002,75.258,0.6,557426.2,334455.72,7,True,Synthetic
Brazil,maize,2013,27.968,1688.988,376.123,74.204,2.099,391107.95,820937.89,1,True,Synthetic
Brazil,rice,2013,25.585,1615.695,377.334,72.121,4.182,513801.34,2148824.27,0,True,Synthetic
Brazil,soybean,2013,27.808,1653.663,383.724,83.281,1.663,348748.97,579964.36,3,True,Synthetic
Brazil,wheat,2013,26.642,1690.469,386.878,78.792,0.68,520147.49,353742.22,4,True,Synthetic
China,maize,2013,14.756,482.697,384.776,73.079,2.954,645352.34,1906650.45,1,True,Synthetic
China,rice,2013,13.969,634.359,376.132,62.106,2.349,377503.99,886672.55,0,True,Synthetic
China,soybean,2013,12.505,430.026,383.257,73.411,1.822,450870.76,821514.05,2,True,Synthetic
China,wheat,2013,9.293,687.714,381.282,61.378,0.912,497680.22,453863.04,3,True,Synthetic
India,maize,2013,25.192,1031.579,377.983,75.96,3.36,388792.02,1306477.24,2,True,Synthetic
India,rice,2013,22.369,1257.392,379.44,75.765,4.858,298274.61,1449022.92,0,True,Synthetic
India,soybean,2013,25.026,912.518,374.932,69.215,2.789,312299.49,870876.56,0,True,Synthetic
India,wheat,2013,26.905,1004.918,382.125,72.169,1.007,531229.26,535071.59,3,True,Synthetic
Indonesia,maize,2013,26.863,2702.345,378.653,84.498,0.6,309399.17,185639.5,8,True,Synthetic
Indonesia,rice,2013,24.218,2287.512,385.098,88.132,4.069,275908.53,1122638.68,0,True,Synthetic
Indonesia,soybean,2013,26.39,2540.972,375.776,87.698,0.6,229180.58,137508.35,2,True,Synthetic
Indonesia,wheat,2013,24.525,2433.296,380.1,71.058,0.6,355456.53,213273.92,7,True,Synthetic
Mexico,maize,2013,22.803,611.5,370.691,62.034,5.228,252686.91,1321086.05,2,True,Synthetic
Mexico,rice,2013,19.613,779.51,391.769,72.411,3.865,239493.09,925749.45,1,True,Synthetic
Mexico,soybean,2013,19.752,718.349,379.603,59.424,3.495,266122.55,930187.26,0,True,Synthetic
Mexico,wheat,2013,21.19,995.036,368.671,63.965,2.08,379169.98,788854.21,2,True,Synthetic
Nigeria,maize,2013,25.503,1161.367,389.634,72.018,3.358,176989.42,594402.45,2,True,Synthetic
Nigeria,rice,2013,26.993,1105.415,388.857,71.584,4.345,288155.43,1252046.44,0,True,Synthetic
Nigeria,soybean,2013,25.432,1037.437,390.799,70.079,2.091,346766.65,724952.37,1,True,Synthetic
Nigeria,wheat,2013,27.326,948.17,388.337,66.957,0.6,280706.13,168423.68,3,True,Synthetic
Pakistan,maize,2013,20.855,400.037,380.509,50.223,5.916,407705.71,2412024.02,1,True,Synthetic
Pakistan,rice,2013,23.008,390.579,382.285,55.666,3.862,246077.3,950271.88,2,True,Synthetic
Pakistan,soybean,2013,20.695,478.295,387.529,56.927,2.794,369002.95,1030855.05,3,True,Synthetic
Pakistan,wheat,2013,21.386,633.628,388.264,56.478,2.938,410551.77,1206031.89,0,True,Synthetic
Russia,maize,2013,6.335,427.194,378.823,66.955,0.6,416938.03,250162.82,2,True,Synthetic
Russia,rice,2013,4.202,464.683,382.548,61.049,0.6,346819.59,208091.75,2,True,Synthetic
Russia,soybean,2013,-0.577,495.289,389.89,64.996,0.6,281065.99,168639.59,7,True,Synthetic
Russia,wheat,2013,2.791,432.572,384.23,65.057,0.6,437922.87,262753.72,3,True,Synthetic
USA,maize,2013,13.49,775.252,378.56,56.469,2.527,401930.45,1015633.67,0,True,Synthetic
USA,rice,2013,10.806,615.709,387.097,47.612,0.6,567376.95,340426.17,4,True,Synthetic
USA,soybean,2013,11.651,625.604,377.271,63.345,0.619,369683.54,228893.58,3,True,Synthetic
USA,wheat,2013,11.663,564.4,382.261,63.83,1.872,417461.94,781284.86,1,True,Synthetic
Bangladesh,maize,2014,25.527,1876.712,384.763,66.007,2.077,218113.94,452987.38,3,True,Synthetic
Bangladesh,rice,2014,24.52,2173.617,379.3,80.321,4.306,285165.65,1227830.68,1,True,Synthetic
Bangladesh,soybean,2014,28.951,2079.713,382.003,81.247,0.739,219195.75,161970.76,5,True,Synthetic
Bangladesh,wheat,2014,26.717,2184.491,380.549,71.817,0.6,320174.39,192104.63,7,True,Synthetic
Brazil,maize,2014,24.862,1665.664,383.752,91.695,2.366,480392.79,1136374.84,1,True,Synthetic
Brazil,rice,2014,24.737,1684.554,379.04,77.001,4.485,290883.44,1304722.02,2,True,Synthetic
Brazil,soybean,2014,23.073,1709.368,385.196,72.055,1.931,341028.1,658577.89,4,True,Synthetic
Brazil,wheat,2014,24.767,1726.025,386.401,83.141,0.6,669657.6,401794.56,1,True,Synthetic
China,maize,2014,11.751,561.597,381.505,74.759,1.356,468847.88,635561.57,4,True,Synthetic
China,rice,2014,14.694,579.123,386.97,61.109,2.399,497937.97,1194686.46,3,True,Synthetic
China,soybean,2014,14.696,717.42,386.032,62.293,2.013,338841.73,682238.48,2,True,Synthetic
China,wheat,2014,12.916,673.88,387.307,59.809,2.109,574860.14,1212481.23,1,True,Synthetic
India,maize,2014,21.92,1048.266,385.336,67.419,5.551,360979.64,2003838.6,0,True,Synthetic
India,rice,2014,27.221,1244.225,384.995,73.058,4.082,365067.17,1490034.79,2,True,Synthetic
India,soybean,2014,22.927,1038.728,384.382,77.286,2.328,288132.24,670686.56,1,True,Synthetic
India,wheat,2014,25.182,1023.863,387.159,69.508,1.184,450681.98,533428.83,2,True,Synthetic
Indonesia,maize,2014,26.803,2457.289,385.025,76.019,0.6,322161.11,193296.67,3,True,Synthetic
Indonesia,rice,2014,25.687,2465.705,380.278,79.502,3.677,358971.16,1319894.34,1,True,Synthetic
Indonesia,soybean,2014,26.589,2513.611,387.512,85.96,0.6,221189.51,132713.7,2,True,Synthetic
Indonesia,wheat,2014,26.894,2491.752,390.228,76.756,0.6,378706.57,227223.94,4,True,Synthetic
Mexico,maize,2014,17.543,668.291,382.173,66.881,5.429,317876.0,1725674.31,2,True,Synthetic
Mexico,rice,2014,21.644,755.427,378.248,60.776,4.082,282437.44,1152936.34,2,True,Synthetic
Mexico,soybean,2014,21.81,751.892,382.819,75.4,2.702,209262.7,565410.29,2,True,Synthetic
Mexico,wheat,2014,19.479,881.923,380.302,67.623,3.039,298574.59,907236.6,2,True,Synthetic
Nigeria,maize,2014,26.891,1079.692,388.909,66.642,2.04,304162.76,620522.72,2,True,Synthetic
Nigeria,rice,2014,28.32,1237.617,373.074,64.882,4.285,407543.81,1746175.38,4,True,Synthetic
Nigeria,soybean,2014,27.194,1222.305,385.92,72.498,1.657,201495.46,333930.79,0,True,Synthetic
Nigeria,wheat,2014,30.58,923.019,382.332,60.944,0.6,382912.74,229747.64,2,True,Synthetic
Pakistan,maize,2014,20.353,541.768,383.001,58.293,5.562,339924.25,1890558.16,1,True,Synthetic
Pakistan,rice,2014,22.957,662.06,384.641,51.958,4.398,793020.82,3487332.91,2,True,Synthetic
Pakistan,soybean,2014,21.004,283.492,386.886,58.565,2.659,298610.2,794074.27,1,True,Synthetic
Pakistan,wheat,2014,21.931,537.891,392.187,55.707,3.657,293876.35,1074573.87,3,True,Synthetic
Russia,maize,2014,4.321,300.395,388.562,70.996,0.6,343077.15,205846.29,1,True,Synthetic
Russia,rice,2014,4.764,286.25,386.24,57.795,0.6,345853.58,207512.15,2,True,Synthetic
Russia,soybean,2014,4.174,490.026,387.11,66.232,0.6,278763.45,167258.07,4,True,Synthetic
Russia,wheat,2014,3.329,650.317,384.871,64.004,0.6,247091.19,148254.71,6,True,Synthetic
USA,maize,2014,12.468,724.504,385.531,60.434,1.607,692646.6,1113393.48,0,True,Synthetic
USA,rice,2014,12.281,619.844,386.401,65.058,1.612,460692.27,742637.83,5,True,Synthetic
USA,soybean,2014,10.4,656.79,384.538,65.513,0.986,595399.85,587137.76,3,True,Synthetic
USA,wheat,2014,14.047,642.492,387.483,60.053,2.67,565006.54,1508403.55,0,True,Synthetic
Bangladesh,maize,2015,24.908,2153.699,386.003,79.434,1.519,181099.1,275171.27,3,True,Synthetic
Bangladesh,rice,2015,24.406,2278.698,387.178,84.622,4.196,231232.67,970252.19,0,True,Synthetic
Bangladesh,soybean,2015,26.227,2245.535,387.64,79.064,0.6,193378.77,116027.26,6,True,Synthetic
Bangladesh,wheat,2015,28.574,2352.786,387.724,76.545,0.6,258401.43,155040.86,4,True,Synthetic
Brazil,maize,2015,26.952,1820.684,386.363,75.986,1.747,454773.07,794345.78,0,True,Synthetic
Brazil,rice,2015,26.709,1693.581,390.443,76.372,4.587,397913.41,1825155.91,1,True,Synthetic
Brazil,soybean,2015,26.346,1736.147,390.948,77.713,1.435,469029.71,673196.03,4,True,Synthetic
Brazil,wheat,2015,25.412,1795.685,382.891,76.656,0.6,535520.68,321312.41,1,True,Synthetic
China,maize,2015,12.868,365.209,384.864,54.575,2.048,605676.45,1240375.11,3,True,Synthetic
China,rice,2015,12.338,578.025,392.812,68.771,1.296,527312.06,683659.38,0,True,Synthetic
China,soybean,2015,12.504,620.938,388.953,62.53,1.134,335456.58,380340.44,0,True,Synthetic
China,wheat,2015,12.853,507.621,389.853,68.356,2.648,465405.0,1232586.42,3,True,Synthetic
India,maize,2015,22.724,879.977,389.53,71.106,4.917,431347.95,2120931.71,1,True,Synthetic
India,rice,2015,24.227,988.208,387.939,77.724,5.506,501151.49,2759469.18,0,True,Synthetic
India,soybean,2015,25.98,1021.641,388.612,79.252,2.01,262260.8,527141.23,0,True,Synthetic
India,wheat,2015,24.179,877.7,390.089,69.901,1.894,311088.29,589062.83,0,True,Synthetic
Indonesia,maize,2015,25.617,2489.85,381.781,88.191,0.694,319450.17,221788.4,1,True,Synthetic
Indonesia,rice,2015,25.599,2358.448,388.974,91.511,3.607,350666.37,1265008.15,0,True,Synthetic
Indonesia,soybean,2015,26.389,2421.473,385.203,83.963,0.865,336556.6,291208.39,6,True,Synthetic
Indonesia,wheat,2015,21.41,2726.024,398.843,88.113,0.6,347211.35,208326.81,9,True,Synthetic
Mexico,maize,2015,23.28,771.508,374.844,56.899,4.628,321360.5,1487282.6,0,True,Synthetic
Mexico,rice,2015,21.714,626.394,388.268,60.1,4.438,309780.68,1374869.25,4,True,Synthetic
Mexico,soybean,2015,19.608,737.208,390.32,67.03,2.885,234883.62,677545.3,0,True,Synthetic
Mexico,wheat,2015,18.553,816.567,392.088,62.601,3.143,460989.77,1448870.33,3,True,Synthetic
Nigeria,maize,2015,29.397,1117.96,389.411,71.169,1.571,249545.03,392070.69,5,True,Synthetic
Nigeria,rice,2015,25.014,1209.321,386.671,74.003,5.613,237845.51,1335060.65,0,True,Synthetic
Nigeria,soybean,2015,30.88,1035.549,386.602,71.175,1.657,245837.18,407245.59,1,True,Synthetic
Nigeria,wheat,2015,27.324,1114.668,393.928,65.038,0.6,354639.99,212783.99,2,True,Synthetic
Pakistan,maize,2015,22.33,464.957,375.145,56.998,5.829,270414.81,1576180.24,0,True,Synthetic
Pakistan,rice,2015,22.829,543.468,387.559,49.172,4.223,276165.14,1166312.17,3,True,Synthetic
Pakistan,soybean,2015,22.953,522.541,384.702,56.768,2.806,280766.05,787902.45,0,True,Synthetic
Pakistan,wheat,2015,25.375,321.372,394.257,54.324,0.6,480419.44,288251.66,3,True,Synthetic
Russia,maize,2015,2.217,382.519,387.951,63.243,0.6,414453.87,248672.32,4,True,Synthetic
Russia,rice,2015,3.047,481.317,390.154,66.169,0.6,273805.82,164283.49,6,True,Synthetic
Russia,soybean,2015,4.036,532.685,388.645,72.388,0.6,223603.31,134161.99,7,True,Synthetic
Russia,wheat,2015,1.939,318.565,388.197,64.124,0.6,407027.03,244216.22,1,True,Synthetic
USA,maize,2015,12.569,800.927,396.251,58.807,2.446,428986.67,1049381.35,1,True,Synthetic
USA,rice,2015,11.059,732.365,391.181,63.146,1.037,462884.87,480124.03,2,True,Synthetic
USA,soybean,2015,12.654,518.022,385.76,52.63,1.52,288000.39,437656.56,2,True,Synthetic
USA,wheat,2015,11.727,717.065,390.051,60.673,2.032,437800.22,889395.66,0,True,Synthetic
Bangladesh,maize,2016,22.367,1945.754,388.683,85.255,2.957,169283.54,500624.13,3,True,Synthetic
Bangladesh,rice,2016,26.975,2057.807,394.777,81.744,3.809,323361.73,1231709.94,3,True,Synthetic
Bangladesh,soybean,2016,23.402,2060.214,393.899,85.13,1.373,251057.2,344694.79,1,True,Synthetic
Bangladesh,wheat,2016,27.062,2327.817,395.583,81.636,0.6,230122.57,138073.54,5,True,Synthetic
Brazil,maize,2016,27.31,1692.841,390.971,75.818,2.104,679550.16,1429956.44,3,True,Synthetic
Brazil,rice,2016,25.455,1955.363,390.655,79.778,4.58,274994.54,1259389.2,0,True,Synthetic
Brazil,soybean,2016,26.642,1594.192,385.282,77.306,1.208,374345.61,452166.32,3,True,Synthetic
Brazil,wheat,2016,28.787,1796.681,392.336,76.123,0.6,432266.05,259359.63,5,True,Synthetic
China,maize,2016,13.715,610.221,397.306,65.863,2.69,400336.78,1076715.61,1,True,Synthetic
China,rice,2016,11.754,649.523,391.606,71.589,0.6,403411.94,242047.16,0,True,Synthetic
China,soybean,2016,12.392,574.108,389.413,69.044,1.303,462654.72,603013.22,4,True,Synthetic
China,wheat,2016,15.7,614.512,380.826,52.256,3.824,578327.15,2211670.57,3,True,Synthetic
India,maize,2016,24.209,1110.289,388.553,81.166,3.917,292432.69,1145342.71,2,True,Synthetic
India,rice,2016,21.818,894.504,389.455,61.067,4.471,488482.77,2183860.96,4,True,Synthetic
India,soybean,2016,21.514,992.717,380.288,66.435,2.747,419103.1,1151170.54,2,True,Synthetic
India,wheat,2016,24.341,1080.451,393.411,77.549,1.066,729080.86,777085.62,2,True,Synthetic
Indonesia,maize,2016,29.603,2571.844,391.101,91.267,0.6,281733.0,169039.8,4,True,Synthetic
Indonesia,rice,2016,26.701,2439.32,392.759,82.695,2.595,405893.67,1053385.74,4,True,Synthetic
Indonesia,soybean,2016,25.509,2514.719,395.725,77.976,0.6,342441.05,205464.63,5,True,Synthetic
Indonesia,wheat,2016,26.533,2551.406,391.755,89.897,0.6,489253.24,293551.94,4,True,Synthetic
Mexico,maize,2016,21.135,905.87,391.595,71.262,5.915,227168.73,1343780.16,0,True,Synthetic
Mexico,rice,2016,20.082,806.092,390.849,59.922,3.473,332986.68,1156425.86,2,True,Synthetic
Mexico,soybean,2016,22.682,626.051,386.37,56.401,3.066,164765.77,505241.11,3,True,Synthetic
Mexico,wheat,2016,19.504,889.776,382.298,68.665,2.882,279317.17,805067.7,3,True,Synthetic
Nigeria,maize,2016,26.801,1162.502,388.082,69.654,3.403,264876.6,901252.56,0,True,Synthetic
Nigeria,rice,2016,27.157,1127.617,397.972,67.761,4.827,309649.16,1494601.79,0,True,Synthetic
Nigeria,soybean,2016,27.036,1177.324,386.869,69.39,1.678,236036.03,396146.05,3,True,Synthetic
Nigeria,wheat,2016,29.388,1304.825,386.947,65.888,0.6,274535.53,164721.32,5,True,Synthetic
Pakistan,maize,2016,21.282,592.692,384.344,53.175,5.764,373334.68,2152034.3,2,True,Synthetic
Pakistan,rice,2016,23.766,480.648,394.573,54.444,4.921,316991.19,1559826.55,3,True,Synthetic
Pakistan,soybean,2016,22.202,640.107,398.796,43.921,3.843,331030.9,1272299.7,1,True,Synthetic
Pakistan,wheat,2016,25.228,276.669,386.845,52.664,1.405,417917.68,587257.62,0,True,Synthetic
Russia,maize,2016,2.24,507.004,383.339,62.32,0.6,410744.2,246446.52,7,True,Synthetic
Russia,rice,2016,2.47,464.391,391.776,62.626,0.6,275904.8,165542.88,3,True,Synthetic
Russia,soybean,2016,2.907,368.101,382.166,78.538,0.6,228832.76,137299.65,1,True,Synthetic
Russia,wheat,2016,0.808,310.431,397.622,69.096,0.6,359109.41,215465.64,3,True,Synthetic
USA,maize,2016,13.041,685.843,389.993,61.453,2.66,770527.56,2049483.92,2,True,Synthetic
USA,rice,2016,11.794,633.618,387.675,59.631,1.535,506527.15,777327.17,1,True,Synthetic
USA,soybean,2016,15.239,934.671,391.306,59.608,1.568,317382.82,497742.48,0,True,Synthetic
USA,wheat,2016,11.063,621.619,387.463,60.692,2.241,537039.05,1203347.94,0,True,Synthetic
Bangladesh,maize,2017,25.562,2105.14,387.387,87.825,1.4,161775.04,226415.53,2,True,Synthetic
Bangladesh,rice,2017,25.364,2152.598,393.182,85.452,4.95,265032.87,1311880.32,2,True,Synthetic
Bangladesh,soybean,2017,24.905,2160.914,388.826,81.735,0.6,247618.23,148570.94,5,True,Synthetic
Bangladesh,wheat,2017,26.379,2069.894,392.152,74.946,0.6,268489.92,161093.95,9,True,Synthetic
Brazil,maize,2017,27.567,1839.203,385.504,81.56,1.865,415970.26,775817.35,1,True,Synthetic
Brazil,rice,2017,26.099,1558.021,392.587,75.547,4.522,663622.53,3001018.75,0,True,Synthetic
Brazil,soybean,2017,26.811,1863.853,392.806,80.547,0.6,717848.5,430709.1,2,True,Synthetic
Brazil,wheat,2017,26.636,1658.89,391.319,69.817,0.6,328222.48,196933.49,2,True,Synthetic
China,maize,2017,14.178,423.362,390.437,62.769,3.243,497968.42,1614686.91,1,True,Synthetic
China,rice,2017,13.001,616.931,394.752,71.225,1.666,352797.13,587912.09,1,True,Synthetic
China,soybean,2017,13.905,624.611,402.04,66.087,1.823,440560.37,803361.65,1,True,Synthetic
China,wheat,2017,14.88,380.639,389.8,59.543,2.667,655686.0,1748729.85,1,True,Synthetic
India,maize,2017,25.92,1219.608,393.305,77.156,3.2,284438.52,910189.11,2,True,Synthetic
India,rice,2017,24.161,1298.02,388.385,78.757,5.994,537189.28,3220150.0,0,True,Synthetic
India,soybean,2017,23.818,1069.005,391.734,74.29,2.805,380643.59,1067754.42,0,True,Synthetic
India,wheat,2017,21.97,887.726,392.614,72.178,2.038,413449.15,842633.3,1,True,Synthetic
Indonesia,maize,2017,29.749,2652.534,391.339,79.669,1.002,419528.75,420527.64,3,True,Synthetic
Indonesia,rice,2017,24.19,2696.295,399.168,82.849,3.723,317627.21,1182597.43,5,True,Synthetic
Indonesia,soybean,2017,24.295,2544.109,388.209,79.078,0.6,282161.73,169297.04,4,True,Synthetic
Indonesia,wheat,2017,26.777,2557.291,381.799,85.129,0.6,287515.54,172509.33,9,True,Synthetic
Mexico,maize,2017,21.042,906.51,397.943,64.241,6.357,366289.85,2328568.26,2,True,Synthetic
Mexico,rice,2017,20.661,896.141,388.235,57.914,4.102,257273.95,1055457.01,0,True,Synthetic
Mexico,soybean,2017,24.71,786.16,398.371,58.945,2.299,244884.72,563100.42,0,True,Synthetic
Mexico,wheat,2017,22.557,632.383,398.249,63.646,2.341,295817.83,692642.71,0,True,Synthetic
Nigeria,maize,2017,26.151,1086.739,382.928,70.199,2.891,463214.57,1339073.52,2,True,Synthetic
Nigeria,rice,2017,27.373,1147.572,387.552,65.209,4.221,316946.56,1337830.99,1,True,Synthetic
Nigeria,soybean,2017,28.034,1028.825,390.613,54.289,1.937,300436.65,582076.51,2,True,Synthetic
Nigeria,wheat,2017,29.862,1345.755,388.459,70.258,0.6,477839.51,286703.71,1,True,Synthetic
Pakistan,maize,2017,20.687,597.106,392.147,46.99,5.755,260596.41,1499805.64,1,True,Synthetic
Pakistan,rice,2017,21.516,416.118,396.211,57.607,3.428,451012.41,1546155.79,1,True,Synthetic
Pakistan,soybean,2017,22.908,534.092,396.141,48.664,3.192,159870.45,510340.92,1,True,Synthetic
Pakistan,wheat,2017,21.603,391.217,385.495,52.48,3.011,337225.43,1015262.72,1,True,Synthetic
Russia,maize,2017,3.026,594.19,397.2,74.799,0.6,384761.38,230856.83,2,True,Synthetic
Russia,rice,2017,-0.196,538.901,395.274,73.22,0.6,369613.55,221768.13,6,True,Synthetic
Russia,soybean,2017,0.61,642.12,389.573,75.903,0.6,217318.69,130391.22,1,True,Synthetic
Russia,wheat,2017,6.012,529.22,386.451,67.242,0.6,412119.68,247271.81,4,True,Synthetic
USA,maize,2017,11.423,689.398,389.48,51.468,2.057,498816.76,1025950.7,0,True,Synthetic
USA,rice,2017,6.808,538.173,395.24,62.465,0.6,283926.52,170355.91,2,True,Synthetic
USA,soybean,2017,12.691,875.47,388.749,58.993,1.159,369386.76,428103.44,5,True,Synthetic
USA,wheat,2017,17.06,623.595,383.434,63.144,3.75,360582.13,1352222.74,1,True,Synthetic
Bangladesh,maize,2018,26.463,2174.563,386.049,81.707,1.056,297158.81,313914.44,2,True,Synthetic
Bangladesh,rice,2018,27.222,2146.063,398.412,77.613,3.84,254841.67,978668.04,2,True,Synthetic
Bangladesh,soybean,2018,24.616,2165.168,398.986,87.209,0.825,370034.21,305429.4,7,True,Synthetic
Bangladesh,wheat,2018,21.287,2286.485,394.987,94.24,0.6,245242.09,147145.25,9,True,Synthetic
Brazil,maize,2018,26.931,1832.527,400.593,86.451,2.066,463031.34,956435.32,4,True,Synthetic
Brazil,rice,2018,25.892,1772.777,392.374,85.277,4.262,310964.56,1325334.97,2,True,Synthetic
Brazil,soybean,2018,27.46,1622.833,393.153,83.769,1.207,402467.71,485896.64,2,True,Synthetic
Brazil,wheat,2018,27.716,1727.408,395.321,74.738,0.6,528644.47,317186.68,4,True,Synthetic
China,maize,2018,17.181,594.543,399.514,67.092,4.642,462222.76,2145829.9,0,True,Synthetic
China,rice,2018,13.559,570.127,399.089,62.507,1.896,336770.18,638581.25,1,True,Synthetic
China,soybean,2018,13.157,533.462,385.464,66.46,1.206,316694.58,381943.01,2,True,Synthetic
China,wheat,2018,15.836,615.417,397.413,66.651,3.49,387025.14,1350807.19,3,True,Synthetic
India,maize,2018,24.817,1117.018,409.72,86.947,4.053,331424.71,1343372.93,1,True,Synthetic
India,rice,2018,27.151,1108.835,396.613,75.947,5.024,475549.54,2389174.96,2,True,Synthetic
India,soybean,2018,25.299,820.48,401.595,66.82,3.246,297316.16,965095.75,3,True,Synthetic
India,wheat,2018,24.696,1025.446,398.964,78.852,1.158,326419.72,377881.16,3,True,Synthetic
Indonesia,maize,2018,26.988,2603.423,396.909,89.999,1.195,361104.04,431604.61,4,True,Synthetic
Indonesia,rice,2018,27.484,2375.796,403.612,82.063,3.265,369677.97,1206900.14,1,True,Synthetic
Indonesia,soybean,2018,25.428,2573.769,396.126,85.96,0.6,132457.85,79474.71,1,True,Synthetic
Indonesia,wheat,2018,26.443,2426.902,397.288,88.745,0.6,334695.64,200817.38,2,True,Synthetic
Mexico,maize,2018,18.016,767.532,398.808,66.913,5.198,290684.0,1511117.85,2,True,Synthetic
Mexico,rice,2018,20.74,659.034,394.46,57.048,4.278,378388.8,1618716.71,3,True,Synthetic
Mexico,soybean,2018,22.538,593.803,395.787,60.585,3.071,333865.88,1025452.09,0,True,Synthetic
Mexico,wheat,2018,24.596,865.59,393.81,57.678,1.467,235385.65,345248.67,1,True,Synthetic
Nigeria,maize,2018,28.333,939.619,391.153,62.264,2.818,378356.4,1066142.9,0,True,Synthetic
Nigeria,rice,2018,26.987,1289.012,396.409,77.63,4.696,400519.28,1880687.9,0,True,Synthetic
Nigeria,soybean,2018,26.102,990.247,394.227,71.004,2.391,346472.46,828258.26,1,True,Synthetic
Nigeria,wheat,2018,26.41,1136.429,396.515,65.87,1.167,493397.67,575881.35,4,True,Synthetic
Pakistan,maize,2018,23.272,457.691,404.548,54.71,4.572,336318.28,1537573.94,0,True,Synthetic
Pakistan,rice,2018,23.103,179.992,391.577,54.305,3.993,460105.4,1837227.57,1,True,Synthetic
Pakistan,soybean,2018,24.354,562.786,390.24,53.598,2.311,326384.47,754302.28,0,True,Synthetic
Pakistan,wheat,2018,22.531,534.201,392.985,51.134,2.132,490899.79,1046610.02,0,True,Synthetic
Russia,maize,2018,4.279,342.844,398.579,74.823,0.6,271317.91,162790.75,4,True,Synthetic
Russia,rice,2018,0.324,562.134,399.563,57.39,0.6,419620.98,251772.59,5,True,Synthetic
Russia,soybean,2018,3.041,515.004,394.528,66.412,0.6,244697.89,146818.74,5,True,Synthetic
Russia,wheat,2018,1.078,462.904,394.298,62.548,0.6,477492.47,286495.48,3,True,Synthetic
USA,maize,2018,9.927,768.615,391.096,57.298,0.862,630407.67,543314.12,5,True,Synthetic
USA,rice,2018,9.456,652.208,390.152,60.782,0.6,704538.16,422722.9,6,True,Synthetic
USA,soybean,2018,11.958,522.068,400.426,51.77,0.905,392973.46,355487.46,1,True,Synthetic
USA,wheat,2018,14.141,784.414,395.431,58.649,3.036,412119.39,1251028.95,1,True,Synthetic
Bangladesh,maize,2019,23.082,2358.666,398.321,87.722,0.944,263442.66,248672.97,7,True,Synthetic
Bangladesh,rice,2019,24.83,2313.609,397.306,79.611,4.301,349812.13,1504620.85,3,True,Synthetic
Bangladesh,soybean,2019,27.154,2111.243,402.203,72.258,0.6,158911.73,95347.04,3,True,Synthetic
Bangladesh,wheat,2019,28.665,2147.834,397.766,76.145,0.6,398717.13,239230.28,4,True,Synthetic
Brazil,maize,2019,24.434,1744.158,392.85,81.846,2.879,361085.51,1039727.48,3,True,Synthetic
Brazil,rice,2019,24.674,1718.336,398.024,84.083,5.003,605504.27,3029431.8,1,True,Synthetic
Brazil,soybean,2019,29.69,1736.252,397.13,64.995,1.213,402524.71,488187.82,0,True,Synthetic
Brazil,wheat,2019,27.563,1742.618,388.05,68.58,0.6,552456.73,331474.04,9,True,Synthetic
China,maize,2019,11.801,645.615,406.415,67.882,1.571,360212.58,565835.04,5,True,Synthetic
China,rice,2019,10.704,594.948,390.759,73.191,0.6,489319.08,293591.45,6,True,Synthetic
China,soybean,2019,17.383,604.531,396.601,64.441,2.294,329858.8,756813.23,0,True,Synthetic
China,wheat,2019,14.65,663.27,401.226,71.841,2.506,716393.9,1795113.34,1,True,Synthetic
India,maize,2019,25.386,965.944,398.999,79.701,4.199,437536.31,1837116.83,3,True,Synthetic
India,rice,2019,24.02,1072.0,391.299,79.605,6.259,260874.91,1632766.65,0,True,Synthetic
India,soybean,2019,26.039,1097.889,402.388,63.31,1.718,444949.38,764625.5,1,True,Synthetic
India,wheat,2019,23.821,1312.165,395.932,78.14,0.947,310657.71,294161.4,8,True,Synthetic
Indonesia,maize,2019,23.533,2633.253,402.554,85.287,0.6,172866.44,103719.86,4,True,Synthetic
Indonesia,rice,2019,27.197,2586.083,399.345,88.491,2.763,438018.7,1210222.87,4,True,Synthetic
Indonesia,soybean,2019,27.953,2620.443,394.131,84.335,0.6,298815.79,179289.47,6,True,Synthetic
Indonesia,wheat,2019,27.617,2611.366,410.983,89.567,0.6,320776.66,192465.99,3,True,Synthetic
Mexico,maize,2019,21.87,934.144,408.611,49.472,5.929,300076.14,1779135.78,2,True,Synthetic
Mexico,rice,2019,21.885,509.879,392.2,48.872,4.095,348540.99,1427201.24,1,True,Synthetic
Mexico,soybean,2019,20.865,940.409,404.773,64.369,3.034,197971.91,600635.97,3,True,Synthetic
Mexico,wheat,2019,21.562,787.976,397.996,54.952,2.401,334539.16,803329.83,0,True,Synthetic
Nigeria,maize,2019,28.604,1079.604,396.054,74.881,2.517,346411.92,871985.57,0,True,Synthetic
Nigeria,rice,2019,27.029,1054.818,398.668,70.524,4.169,171992.68,717051.25,1,True,Synthetic
Nigeria,soybean,2019,28.816,1128.389,401.491,71.512,1.266,286575.08,362901.74,2,True,Synthetic
Nigeria,wheat,2019,28.691,1118.941,390.342,74.721,0.6,309159.31,185495.59,0,True,Synthetic
Pakistan,maize,2019,20.578,555.262,389.861,60.116,5.928,326831.58,1937614.52,1,True,Synthetic
Pakistan,rice,2019,21.308,342.398,403.679,56.085,2.806,217734.34,610978.15,0,True,Synthetic
Pakistan,soybean,2019,19.085,579.536,387.661,57.554,2.841,342497.48,973081.14,2,True,Synthetic
Pakistan,wheat,2019,21.168,400.076,388.316,54.763,2.804,256768.52,719897.32,0,True,Synthetic
Russia,maize,2019,3.141,465.241,401.16,67.016,0.6,262250.24,157350.15,3,True,Synthetic
Russia,rice,2019,4.338,489.586,396.443,71.082,0.6,347077.64,208246.58,3,True,Synthetic
Russia,soybean,2019,3.626,426.927,398.956,73.794,0.6,424422.23,254653.34,3,True,Synthetic
Russia,wheat,2019,3.526,299.637,400.159,70.415,0.6,285595.22,171357.13,1,True,Synthetic
USA,maize,2019,15.929,790.281,402.255,66.202,4.566,390334.37,1782190.09,0,True,Synthetic
USA,rice,2019,14.003,542.112,392.54,57.379,1.664,352159.3,585958.92,8,True,Synthetic
USA,soybean,2019,11.037,664.341,398.5,64.287,0.969,448620.77,434529.47,2,True,Synthetic
USA,wheat,2019,11.002,724.699,391.321,68.79,1.228,441904.34,542777.45,5,True,Synthetic
Bangladesh,maize,2020,23.472,2342.13,395.649,76.469,1.102,192477.45,212110.81,4,True,Synthetic
Bangladesh,rice,2020,23.7,2164.709,408.278,81.652,4.815,295573.57,1423075.26,5,True,Synthetic
Bangladesh,soybean,2020,25.337,2312.546,410.601,86.74,0.639,237903.84,151950.23,4,True,Synthetic
Bangladesh,wheat,2020,24.061,2188.418,398.337,79.926,0.6,388467.35,233080.41,2,True,Synthetic
Brazil,maize,2020,28.754,1666.201,399.704,88.235,2.085,751319.68,1566547.02,2,True,Synthetic
Brazil,rice,2020,22.935,1759.887,393.526,77.212,4.492,595377.6,2674371.49,2,True,Synthetic
Brazil,soybean,2020,28.544,1608.693,400.881,69.808,0.6,330381.84,198229.11,2,True,Synthetic
Brazil,wheat,2020,24.173,1698.116,403.171,82.891,0.847,393294.16,332981.18,6,True,Synthetic
China,maize,2020,16.036,310.536,397.239,63.7,3.958,790667.06,3129164.43,1,True,Synthetic
China,rice,2020,10.438,504.824,400.823,59.948,0.6,687578.76,412547.26,3,True,Synthetic
China,soybean,2020,13.945,562.166,396.993,73.998,1.539,249452.68,383882.99,1,True,Synthetic
China,wheat,2020,14.515,536.645,407.204,54.574,2.903,536103.88,1556187.13,2,True,Synthetic
India,maize,2020,26.481,1134.081,397.818,70.806,3.298,505431.08,1667078.46,1,True,Synthetic
India,rice,2020,22.422,1079.138,408.032,70.961,4.923,343790.99,1692460.36,2,True,Synthetic
India,soybean,2020,23.451,1044.338,398.773,67.571,3.093,497234.82,1538028.98,2,True,Synthetic
India,wheat,2020,24.822,938.693,397.191,64.081,1.134,387211.48,438977.4,3,True,Synthetic
Indonesia,maize,2020,26.973,2709.962,405.048,80.168,0.6,506335.98,303801.59,0,True,Synthetic
Indonesia,rice,2020,23.612,2346.449,396.915,89.18,4.431,336869.24,1492668.71,4,True,Synthetic
Indonesia,soybean,2020,25.052,2504.53,395.953,83.657,0.6,322395.44,193437.27,2,True,Synthetic
Indonesia,wheat,2020,27.092,2481.543,400.165,82.155,0.6,369170.71,221502.43,3,True,Synthetic
Mexico,maize,2020,22.989,843.205,400.844,58.322,5.934,272564.87,1617358.04,1,True,Synthetic
Mexico,rice,2020,21.182,724.608,399.095,64.927,4.918,288733.28,1419873.69,2,True,Synthetic
Mexico,soybean,2020,21.419,923.49,400.054,57.767,2.522,258145.65,651130.48,1,True,Synthetic
Mexico,wheat,2020,20.949,597.746,400.4,64.508,2.736,329725.38,902286.38,0,True,Synthetic
Nigeria,maize,2020,26.3,1033.918,400.337,73.768,2.924,449552.86,1314650.89,2,True,Synthetic
Nigeria,rice,2020,28.934,1091.415,404.691,71.781,4.644,290554.77,1349239.06,1,True,Synthetic
Nigeria,soybean,2020,28.013,856.154,401.668,60.247,1.69,327599.25,553777.59,2,True,Synthetic
Nigeria,wheat,2020,28.42,1045.782,398.53,82.549,0.6,529766.69,317860.02,4,True,Synthetic
Pakistan,maize,2020,24.918,431.5,403.815,57.601,3.778,266393.34,1006380.86,1,True,Synthetic
Pakistan,rice,2020,23.739,535.649,391.498,47.541,5.318,430459.74,2289169.03,1,True,Synthetic
Pakistan,soybean,2020,21.275,594.837,399.735,55.837,3.885,180692.13,701930.7,1,True,Synthetic
Pakistan,wheat,2020,23.733,344.669,403.975,48.657,2.466,448643.52,1106264.74,5,True,Synthetic
Russia,maize,2020,2.082,539.707,399.573,82.36,0.6,393674.81,236204.89,3,True,Synthetic
Russia,rice,2020,6.536,340.233,401.718,65.139,0.6,361722.18,217033.31,1,True,Synthetic
Russia,soybean,2020,3.988,415.295,398.288,64.841,0.6,277879.4,166727.64,3,True,Synthetic
Russia,wheat,2020,3.275,520.424,404.072,69.014,0.6,283850.79,170310.47,2,True,Synthetic
USA,maize,2020,13.215,652.563,398.454,66.373,2.183,347710.79,758944.26,4,True,Synthetic
USA,rice,2020,13.698,818.619,393.743,57.601,2.343,435886.1,1021423.43,1,True,Synthetic
USA,soybean,2020,15.784,483.832,400.682,60.848,1.917,450110.04,862895.28,0,True,Synthetic
USA,wheat,2020,15.618,759.414,394.657,75.025,3.333,715486.46,2385013.74,3,True,Synthetic
Bangladesh,maize,2021,26.224,2200.326,399.196,75.075,1.726,248338.26,428514.44,2,True,Synthetic
Bangladesh,rice,2021,26.06,2153.473,406.951,80.893,4.264,298716.39,1273759.05,2,True,Synthetic
Bangladesh,soybean,2021,25.252,2076.636,408.266,90.875,1.446,284177.96,410845.28,8,True,Synthetic
Bangladesh,wheat,2021,31.034,2069.408,395.068,84.414,0.6,235817.3,141490.38,9,True,Synthetic
Brazil,maize,2021,27.907,1704.84,397.798,73.764,1.707,268416.72,458054.06,4,True,Synthetic
Brazil,rice,2021,25.017,1823.943,410.766,73.769,5.18,413909.48,2144032.28,2,True,Synthetic
Brazil,soybean,2021,24.34,1980.483,404.923,77.154,0.764,391563.86,299099.96,2,True,Synthetic
Brazil,wheat,2021,25.702,1519.821,399.041,71.469,0.6,279002.49,167401.5,5,True,Synthetic
China,maize,2021,14.665,773.497,400.249,53.672,2.984,523993.07,1563525.3,0,True,Synthetic
China,rice,2021,13.466,482.018,400.064,63.51,1.474,322727.48,475664.39,2,True,Synthetic
China,soybean,2021,13.717,750.499,402.271,61.172,1.341,384939.96,516268.17,3,True,Synthetic
China,wheat,2021,14.922,563.001,404.119,53.988,3.321,563513.63,1871282.78,1,True,Synthetic
India,maize,2021,26.208,1025.416,405.907,71.956,3.517,499260.59,1755820.12,2,True,Synthetic
India,rice,2021,24.379,911.329,398.106,69.844,5.3,297773.01,1578289.54,1,True,Synthetic
India,soybean,2021,25.576,891.303,399.976,65.16,2.645,388991.3,1029059.67,1,True,Synthetic
India,wheat,2021,24.01,1027.384,403.53,71.928,1.4,291577.5,408082.41,0,True,Synthetic
Indonesia,maize,2021,25.941,2581.264,405.799,83.487,0.743,289241.29,214819.96,0,True,Synthetic
Indonesia,rice,2021,24.221,2630.404,399.884,80.807,2.86,355984.69,1018293.43,0,True,Synthetic
Indonesia,soybean,2021,23.972,2754.494,406.716,88.374,0.6,300893.88,180536.33,3,True,Synthetic
Indonesia,wheat,2021,24.824,2606.407,397.937,96.539,0.6,273418.94,164051.36,4,True,Synthetic
Mexico,maize,2021,21.325,653.291,405.399,71.292,6.992,246118.02,1720936.84,0,True,Synthetic
Mexico,rice,2021,21.132,494.609,400.071,58.669,4.126,241243.88,995444.37,3,True,Synthetic
Mexico,soybean,2021,22.694,765.124,402.146,65.452,3.307,328425.67,1086065.24,1,True,Synthetic
Mexico,wheat,2021,24.082,591.682,402.086,56.778,2.583,284340.84,734383.18,0,True,Synthetic
Nigeria,maize,2021,28.857,1274.044,411.007,61.267,2.131,263527.5,561536.67,1,True,Synthetic
Nigeria,rice,2021,30.869,1076.575,394.735,68.855,2.853,318716.97,909162.46,3,True,Synthetic
Nigeria,soybean,2021,29.179,1085.278,396.348,69.073,1.058,207466.62,219545.04,4,True,Synthetic
Nigeria,wheat,2021,27.573,1006.607,406.44,75.714,1.055,383348.93,404247.03,2,True,Synthetic
Pakistan,maize,2021,22.281,537.311,400.351,54.299,6.139,273219.62,1677167.8,0,True,Synthetic
Pakistan,rice,2021,21.828,365.899,399.402,55.059,4.329,285982.85,1237885.46,0,True,Synthetic
Pakistan,soybean,2021,22.471,472.559,404.428,50.236,2.748,243461.69,669006.83,2,True,Synthetic
Pakistan,wheat,2021,23.572,611.87,402.465,52.16,2.687,529866.18,1423766.71,0,True,Synthetic
Russia,maize,2021,4.305,453.391,402.28,76.676,0.6,304722.09,182833.25,4,True,Synthetic
Russia,rice,2021,4.717,364.418,403.765,73.697,0.6,260713.54,156428.13,5,True,Synthetic
Russia,soybean,2021,-0.73,408.365,393.996,72.485,0.6,260359.08,156215.45,5,True,Synthetic
Russia,wheat,2021,3.346,279.178,404.316,71.649,0.6,394052.86,236431.72,2,True,Synthetic
USA,maize,2021,15.34,600.849,401.083,63.481,3.124,533651.12,1667220.77,2,True,Synthetic
USA,rice,2021,13.422,816.526,406.883,62.431,1.91,572558.93,1093561.6,1,True,Synthetic
USA,soybean,2021,13.43,768.936,404.637,45.961,1.41,614509.77,866525.27,4,True,Synthetic
USA,wheat,2021,15.258,608.503,395.588,56.93,3.415,516696.14,1764351.94,2,True,Synthetic
Bangladesh,maize,2022,26.134,2155.495,406.582,77.255,1.416,219316.39,310568.54,3,True,Synthetic
Bangladesh,rice,2022,26.826,2434.241,407.603,81.54,3.45,264318.66,912004.82,2,True,Synthetic
Bangladesh,soybean,2022,26.231,2206.622,409.005,85.745,0.6,181642.71,108985.62,1,True,Synthetic
Bangladesh,wheat,2022,27.06,2217.205,395.472,87.377,0.6,251729.87,151037.92,4,True,Synthetic
Brazil,maize,2022,24.723,1660.195,402.015,80.222,2.952,448826.67,1325080.32,3,True,Synthetic
Brazil,rice,2022,26.932,1596.669,402.984,78.768,5.13,389191.71,1996672.39,3,True,Synthetic
Brazil,soybean,2022,28.929,1708.761,400.071,83.786,1.117,254631.88,284479.66,3,True,Synthetic
Brazil,wheat,2022,25.707,1495.516,408.444,76.33,0.6,523867.0,314320.2,3,True,Synthetic
China,maize,2022,13.054,389.63,402.899,54.214,2.467,285159.7,703351.67,3,True,Synthetic
China,rice,2022,15.444,683.635,401.083,67.908,2.975,419989.37,1249334.69,0,True,Synthetic
China,soybean,2022,11.772,634.965,405.456,80.086,1.343,254670.58,341983.07,3,True,Synthetic
China,wheat,2022,17.055,734.326,406.136,66.459,4.37,475584.63,2078542.08,1,True,Synthetic
India,maize,2022,23.011,1001.676,412.264,68.717,5.227,268393.55,1402910.54,1,True,Synthetic
India,rice,2022,21.913,994.922,402.963,77.618,4.943,384957.73,1902653.69,2,True,Synthetic
India,soybean,2022,24.965,1004.841,393.574,70.403,1.994,275533.49,549288.98,1,True,Synthetic
India,wheat,2022,28.12,964.547,401.027,70.595,0.864,284979.61,246151.71,2,True,Synthetic
Indonesia,maize,2022,27.61,2599.32,403.503,83.396,0.6,320378.51,192227.11,8,True,Synthetic
Indonesia,rice,2022,25.839,2512.211,399.132,78.853,3.505,321589.64,1127029.24,0,True,Synthetic
Indonesia,soybean,2022,27.056,2769.655,409.296,79.559,0.6,303355.22,182013.13,5,True,Synthetic
Indonesia,wheat,2022,26.138,2614.579,412.364,90.703,0.6,577831.14,346698.68,7,True,Synthetic
Mexico,maize,2022,19.588,525.953,404.194,73.376,5.531,299971.45,1659095.03,0,True,Synthetic
Mexico,rice,2022,20.289,698.791,403.933,69.456,4.323,317179.86,1371206.91,1,True,Synthetic
Mexico,soybean,2022,21.089,545.931,400.983,65.716,3.577,206624.38,739093.47,1,True,Synthetic
Mexico,wheat,2022,20.363,702.476,403.097,62.595,3.013,274742.41,827668.85,1,True,Synthetic
Nigeria,maize,2022,29.418,1051.313,405.842,72.435,2.497,351311.48,877354.61,1,True,Synthetic
Nigeria,rice,2022,27.894,1335.78,407.558,70.923,4.53,308980.24,1399567.84,2,True,Synthetic
Nigeria,soybean,2022,28.283,1161.56,406.772,71.06,1.59,247158.32,393021.73,3,True,Synthetic
Nigeria,wheat,2022,27.951,1094.476,414.293,57.43,0.6,355621.52,213372.91,1,True,Synthetic
Pakistan,maize,2022,23.917,609.193,410.083,53.48,4.969,338733.69,1683250.66,5,True,Synthetic
Pakistan,rice,2022,23.429,458.377,401.656,51.366,4.699,400258.72,1880668.0,2,True,Synthetic
Pakistan,soybean,2022,23.312,424.162,406.433,56.48,3.838,340724.93,1307679.36,2,True,Synthetic
Pakistan,wheat,2022,21.709,520.431,413.338,55.907,3.267,502279.41,1640959.21,1,True,Synthetic
Russia,maize,2022,5.886,401.765,406.226,59.909,0.6,475965.18,285579.11,4,True,Synthetic
Russia,rice,2022,4.234,565.268,406.586,75.203,0.6,241607.32,144964.39,1,True,Synthetic
Russia,soybean,2022,4.04,255.001,408.995,63.702,0.6,252236.78,151342.07,2,True,Synthetic
Russia,wheat,2022,1.801,497.879,406.156,68.107,0.6,283420.23,170052.14,3,True,Synthetic
USA,maize,2022,8.616,705.713,408.723,64.635,0.6,463332.33,277999.4,2,True,Synthetic
USA,rice,2022,13.955,528.295,400.181,60.138,1.961,433074.1,849396.27,3,True,Synthetic
USA,soybean,2022,12.89,848.296,406.468,64.397,1.091,528107.14,576403.41,1,True,Synthetic
USA,wheat,2022,11.882,686.005,402.848,64.461,1.952,402036.6,784654.68,1,True,Synthetic
Bangladesh,maize,2023,23.954,2247.342,406.651,76.117,1.571,222588.37,349609.92,1,True,Synthetic
Bangladesh,rice,2023,25.207,2281.717,403.466,79.948,4.134,429196.49,1774239.17,1,True,Synthetic
Bangladesh,soybean,2023,25.756,2325.486,404.212,79.285,0.6,343358.71,206015.23,0,True,Synthetic
Bangladesh,wheat,2023,24.719,2157.226,406.506,73.161,0.6,210795.6,126477.36,9,True,Synthetic
Brazil,maize,2023,26.003,1735.712,410.477,85.736,2.17,338223.99,733990.36,1,True,Synthetic
Brazil,rice,2023,25.597,1574.06,409.288,72.682,4.679,341947.89,1599814.21,0,True,Synthetic
Brazil,soybean,2023,24.467,1546.62,403.136,69.978,1.864,426938.76,795848.18,1,True,Synthetic
Brazil,wheat,2023,25.759,1710.07,410.764,75.618,0.6,463036.56,277821.93,4,True,Synthetic
China,maize,2023,14.345,455.691,409.419,65.118,2.983,488039.54,1455631.49,3,True,Synthetic
China,rice,2023,13.574,580.439,406.187,55.071,1.884,446344.46,841072.29,1,True,Synthetic
China,soybean,2023,11.919,625.723,406.045,59.818,1.189,239305.23,284473.62,3,True,Synthetic
China,wheat,2023,14.879,495.405,409.942,71.859,3.377,609368.13,2057947.9,0,True,Synthetic
India,maize,2023,25.135,1038.516,417.588,78.623,4.065,243892.13,991438.87,2,True,Synthetic
India,rice,2023,25.763,1044.136,408.853,84.326,5.79,496525.26,2874734.38,1,True,Synthetic
India,soybean,2023,25.518,1013.483,407.379,78.187,2.547,312990.02,797031.77,2,True,Synthetic
India,wheat,2023,22.441,1049.988,399.682,74.746,1.645,332398.19,546847.5,2,True,Synthetic
Indonesia,maize,2023,28.641,2676.366,407.077,89.1,0.6,488143.45,292886.07,5,True,Synthetic
Indonesia,rice,2023,25.161,2571.846,397.417,79.435,4.09,229349.32,937971.43,3,True,Synthetic
Indonesia,soybean,2023,27.349,2629.892,412.902,88.062,0.6,321185.63,192711.38,6,True,Synthetic
Indonesia,wheat,2023,23.658,2351.899,412.552,77.184,0.6,357786.76,214672.05,6,True,Synthetic
Mexico,maize,2023,22.334,599.675,417.543,66.13,5.606,231213.5,1296078.73,1,True,Synthetic
Mexico,rice,2023,21.75,879.632,406.152,63.816,4.856,435625.93,2115528.37,2,True,Synthetic
Mexico,soybean,2023,21.285,729.083,412.704,69.9,3.781,268966.36,1017039.38,0,True,Synthetic
Mexico,wheat,2023,24.671,672.951,404.365,53.816,1.386,391917.51,543271.07,1,True,Synthetic
Nigeria,maize,2023,26.785,1026.384,406.444,67.215,3.271,431785.57,1412547.85,2,True,Synthetic
Nigeria,rice,2023,29.035,1056.752,413.835,63.429,4.196,254591.97,1068148.59,2,True,Synthetic
Nigeria,soybean,2023,26.36,1303.306,412.99,78.915,1.56,293040.39,457259.04,2,True,Synthetic
Nigeria,wheat,2023,27.558,1116.371,405.192,60.814,0.895,408975.38,366027.49,1,True,Synthetic
Pakistan,maize,2023,23.436,520.05,404.124,57.775,4.992,449950.81,2245941.89,1,True,Synthetic
Pakistan,rice,2023,23.675,378.338,405.486,58.715,4.655,369295.0,1719090.42,3,True,Synthetic
Pakistan,soybean,2023,20.036,285.824,395.977,48.515,2.916,327162.55,954162.28,2,True,Synthetic
Pakistan,wheat,2023,23.785,399.793,404.816,54.631,2.212,449047.54,993139.85,2,True,Synthetic
Russia,maize,2023,3.661,318.081,407.076,63.568,0.6,285223.94,171134.37,2,True,Synthetic
Russia,rice,2023,4.481,466.706,403.958,71.207,0.6,422664.2,253598.52,4,True,Synthetic
Russia,soybean,2023,3.992,684.407,406.837,67.875,0.6,330383.49,198230.09,2,True,Synthetic
Russia,wheat,2023,3.496,568.291,408.775,68.905,0.6,778136.74,466882.04,0,True,Synthetic
USA,maize,2023,10.951,665.751,403.848,61.61,1.346,560606.21,754667.1,1,True,Synthetic
USA,rice,2023,12.885,600.862,408.708,61.409,1.696,534441.4,906429.45,3,True,Synthetic
USA,soybean,2023,12.632,620.261,404.724,57.564,1.036,315552.9,326969.27,3,True,Synthetic
USA,wheat,2023,13.929,698.446,401.779,64.637,2.444,488041.07,1192877.12,3,True,Synthetic
Bangladesh,maize,2024,25.147,2111.255,407.921,78.102,2.274,255019.13,579808.98,0,True,Synthetic
Bangladesh,rice,2024,28.162,2281.487,411.869,75.145,2.835,474081.45,1343935.74,2,True,Synthetic
Bangladesh,soybean,2024,22.79,2224.58,409.154,81.876,0.6,211276.93,126766.16,1,True,Synthetic
Bangladesh,wheat,2024,24.902,2253.718,412.64,79.137,0.6,311234.26,186740.55,10,True,Synthetic
Brazil,maize,2024,27.677,1549.128,418.074,80.319,1.564,385816.69,603271.22,2,True,Synthetic
Brazil,rice,2024,26.374,1906.794,408.336,85.801,3.986,455461.9,1815419.25,0,True,Synthetic
Brazil,soybean,2024,24.485,1453.599,410.116,81.062,2.203,265176.19,584241.22,1,True,Synthetic
Brazil,wheat,2024,26.594,1693.593,413.59,78.904,0.6,515378.76,309227.26,4,True,Synthetic
China,maize,2024,16.861,547.771,410.302,58.289,4.665,387052.26,1805610.53,2,True,Synthetic
China,rice,2024,13.192,581.584,415.136,64.807,1.503,430797.29,647664.15,3,True,Synthetic
China,soybean,2024,13.544,571.698,402.569,66.476,2.218,316237.31,701325.76,2,True,Synthetic
China,wheat,2024,13.438,525.817,413.196,63.747,2.859,396199.81,1132733.07,0,True,Synthetic
India,maize,2024,23.259,1203.522,407.701,77.19,4.356,298921.76,1302072.24,1,True,Synthetic
India,rice,2024,22.3,1100.593,408.468,72.081,5.653,851334.43,4813004.56,2,True,Synthetic
India,soybean,2024,26.101,1148.72,413.845,74.832,2.186,381121.41,833317.81,2,True,Synthetic
India,wheat,2024,25.254,979.308,405.023,73.812,1.404,542842.41,762047.0,2,True,Synthetic
Indonesia,maize,2024,25.254,2433.787,408.246,82.449,0.776,385152.07,298688.4,3,True,Synthetic
Indonesia,rice,2024,26.918,2573.744,416.253,83.523,3.64,271673.99,988772.55,2,True,Synthetic
Indonesia,soybean,2024,31.674,2607.522,409.153,74.853,0.6,239334.34,143600.6,2,True,Synthetic
Indonesia,wheat,2024,28.42,2539.152,409.38,77.855,0.6,450153.79,270092.27,10,True,Synthetic
Mexico,maize,2024,21.074,590.22,406.952,48.675,6.644,266592.27,1771295.17,3,True,Synthetic
Mexico,rice,2024,19.706,605.189,423.607,59.627,3.753,281967.07,1058118.46,3,True,Synthetic
Mexico,soybean,2024,19.209,632.557,410.853,65.311,2.34,386553.41,904541.71,3,True,Synthetic
Mexico,wheat,2024,21.584,806.216,407.653,65.653,3.232,406439.59,1313815.44,3,True,Synthetic
Nigeria,maize,2024,28.443,860.732,411.056,64.555,2.967,305172.06,905390.92,0,True,Synthetic
Nigeria,rice,2024,26.664,991.427,407.619,71.939,5.004,505171.75,2527843.78,1,True,Synthetic
Nigeria,soybean,2024,26.711,1096.992,410.454,77.766,2.312,423014.22,977989.75,2,True,Synthetic
Nigeria,wheat,2024,28.917,1111.615,409.729,73.991,0.6,405927.74,243556.64,2,True,Synthetic
Pakistan,maize,2024,22.395,330.448,407.204,54.068,6.121,269459.5,1649493.97,2,True,Synthetic
Pakistan,rice,2024,21.229,587.898,409.782,57.003,4.249,329755.52,1401153.13,0,True,Synthetic
Pakistan,soybean,2024,21.992,385.72,409.87,51.808,3.604,246976.81,890054.51,1,True,Synthetic
Pakistan,wheat,2024,25.725,672.253,409.763,48.651,1.775,278501.86,494287.18,3,True,Synthetic
Russia,maize,2024,4.246,274.161,412.292,72.09,0.6,394585.03,236751.02,3,True,Synthetic
Russia,rice,2024,2.772,427.513,404.727,67.003,0.6,504428.95,302657.37,2,True,Synthetic
Russia,soybean,2024,5.151,560.303,403.255,63.663,0.6,312824.41,187694.65,5,True,Synthetic
Russia,wheat,2024,1.98,291.022,416.338,64.202,0.6,527092.65,316255.59,4,True,Synthetic
USA,maize,2024,14.152,652.655,411.462,61.93,3.057,902428.55,2758660.7,2,True,Synthetic
USA,rice,2024,13.269,693.896,411.888,60.961,1.839,487791.8,897244.34,1,True,Synthetic
USA,soybean,2024,12.422,871.448,410.969,77.422,0.848,454346.08,385121.86,1,True,Synthetic
USA,wheat,2024,13.589,749.352,411.528,59.182,2.728,452023.33,1233133.28,0,True,Synthetic
Bangladesh,maize,2025,26.401,2091.309,411.33,76.35,0.834,253179.89,211028.32,1,True,Synthetic
Bangladesh,rice,2025,26.886,2099.853,414.219,87.748,3.964,256151.65,1015464.6,2,True,Synthetic
Bangladesh,soybean,2025,26.564,2105.5,412.828,77.676,1.092,205989.1,225023.46,2,True,Synthetic
Bangladesh,wheat,2025,24.068,2274.015,417.433,78.266,0.6,230143.97,138086.38,3,True,Synthetic
Brazil,maize,2025,27.821,1850.766,413.685,84.016,1.6,370753.47,593304.15,5,True,Synthetic
Brazil,rice,2025,27.136,1704.157,414.755,77.819,4.489,347171.63,1558439.98,1,True,Synthetic
Brazil,soybean,2025,26.353,1773.238,415.649,77.058,1.037,304055.49,315348.32,2,True,Synthetic
Brazil,wheat,2025,28.291,1692.273,411.89,73.899,0.6,412779.98,247667.99,5,True,Synthetic
China,maize,2025,13.081,763.258,411.476,66.498,2.77,290622.38,804989.41,0,True,Synthetic
China,rice,2025,14.755,485.478,407.964,61.554,2.393,283864.36,679257.39,4,True,Synthetic
China,soybean,2025,11.206,488.713,411.247,59.985,0.6,590818.97,354491.38,1,True,Synthetic
China,wheat,2025,13.769,508.239,411.774,59.068,2.243,336305.32,754343.98,3,True,Synthetic
India,maize,2025,24.253,1026.381,418.802,66.775,4.281,447990.58,1917961.54,0,True,Synthetic
India,rice,2025,26.63,1259.727,409.358,63.063,5.111,342258.77,1749395.93,1,True,Synthetic
India,soybean,2025,25.943,971.916,413.312,70.405,2.491,582741.79,1451794.81,1,True,Synthetic
India,wheat,2025,24.051,1085.208,412.135,72.782,1.223,584303.18,714523.48,1,True,Synthetic
Indonesia,maize,2025,28.769,2522.363,412.979,84.329,0.6,273902.21,164341.33,3,True,Synthetic
Indonesia,rice,2025,25.692,2518.236,411.171,76.297,3.821,255691.17,977081.13,3,True,Synthetic
Indonesia,soybean,2025,26.755,2408.294,408.427,80.124,0.6,313854.85,188312.91,2,True,Synthetic
Indonesia,wheat,2025,27.508,2506.201,407.137,82.701,0.6,378129.74,226877.85,3,True,Synthetic
Mexico,maize,2025,23.562,787.426,414.013,73.726,5.801,272978.36,1583646.28,1,True,Synthetic
Mexico,rice,2025,21.548,588.511,412.631,66.838,4.357,279045.47,1215859.58,4,True,Synthetic
Mexico,soybean,2025,22.747,777.163,407.134,63.957,3.738,292759.27,1094235.08,0,True,Synthetic
Mexico,wheat,2025,24.291,774.401,414.648,66.149,1.442,359992.69,519163.22,1,True,Synthetic
Nigeria,maize,2025,27.109,1141.168,410.347,66.1,2.658,343719.04,913723.38,2,True,Synthetic
Nigeria,rice,2025,30.561,862.878,408.399,75.776,3.326,240190.27,798966.72,0,True,Synthetic
Nigeria,soybean,2025,26.913,1118.03,412.536,79.209,2.378,279300.62,664243.23,4,True,Synthetic
Nigeria,wheat,2025,28.229,1012.235,415.709,72.144,1.137,486778.55,553629.09,4,True,Synthetic
Pakistan,maize,2025,23.145,522.57,406.102,42.658,4.86,506672.81,2462548.64,1,True,Synthetic
Pakistan,rice,2025,23.019,487.661,412.094,50.829,4.323,209411.04,905257.51,1,True,Synthetic
Pakistan,soybean,2025,24.072,306.852,415.266,44.455,2.28,204680.27,466687.64,2,True,Synthetic
Pakistan,wheat,2025,24.072,432.552,415.232,56.714,2.453,312623.94,766726.06,2,True,Synthetic
Russia,maize,2025,4.497,510.687,400.377,65.612,0.6,326850.53,196110.32,8,True,Synthetic
Russia,rice,2025,3.632,616.385,410.353,65.81,0.6,447936.32,268761.79,5,True,Synthetic
Russia,soybean,2025,2.879,394.778,415.093,72.642,0.6,326981.56,196188.93,4,True,Synthetic
Russia,wheat,2025,5.62,195.85,413.066,67.613,0.6,498224.51,298934.71,3,True,Synthetic
USA,maize,2025,12.763,782.963,414.421,69.464,2.356,404887.1,953979.8,1,True,Synthetic
USA,rice,2025,14.023,503.083,407.909,62.096,2.324,642585.08,1493234.19,3,True,Synthetic
USA,soybean,2025,13.433,651.105,417.26,53.522,1.695,379196.5,642656.65,1,True,Synthetic
USA,wheat,2025,12.567,656.448,413.167,66.02,2.77,736973.12,2041067.62,2,True,Synthetic
